// Automatically generated from Alegreya-Bold.latin

#include "Alegreya-Bold.latin.h"

const unsigned char resource_Alegreya_Bold_latin_data[] = {
     0x0,  0x1,  0x0,  0x0,  0x0,  0xd,  0x0, 0x80,  0x0,  0x3,
     0x0, 0x50, 0x46, 0x46, 0x54, 0x4d, 0x5f, 0xde, 0x35, 0x99,
     0x0,  0x0, 0x72, 0x2c,  0x0,  0x0,  0x0, 0x1c, 0x4f, 0x53,
    0x2f, 0x32, 0xac, 0xa2, 0xa1, 0xd5,  0x0,  0x0,  0x1, 0x58,
     0x0,  0x0,  0x0, 0x60, 0x63, 0x6d, 0x61, 0x70, 0x63, 0xcd,
    0xb3, 0x3c,  0x0,  0x0,  0x5,  0x8,  0x0,  0x0,  0x1, 0xc2,
    0x67, 0x61, 0x73, 0x70,  0x0,  0x0,  0x0, 0x10,  0x0,  0x0,
    0x72, 0x24,  0x0,  0x0,  0x0,  0x8, 0x67, 0x6c, 0x79, 0x66,
    0x79, 0x4b, 0x87, 0x4d,  0x0,  0x0,  0x8, 0x80,  0x0,  0x0,
    0x60, 0x3c, 0x68, 0x65, 0x61, 0x64, 0xf8, 0x6e, 0x10, 0x15,
     0x0,  0x0,  0x0, 0xdc,  0x0,  0x0,  0x0, 0x36, 0x68, 0x68,
    0x65, 0x61,  0x6, 0xf3,  0x2, 0xb2,  0x0,  0x0,  0x1, 0x14,
     0x0,  0x0,  0x0, 0x24, 0x68, 0x6d, 0x74, 0x78, 0x96, 0xa3,
    0x12, 0x17,  0x0,  0x0,  0x1, 0xb8,  0x0,  0x0,  0x3, 0x50,
    0x6c, 0x6f, 0x63, 0x61, 0x9c, 0x63, 0x83, 0xb8,  0x0,  0x0,
     0x6, 0xd4,  0x0,  0x0,  0x1, 0xaa, 0x6d, 0x61, 0x78, 0x70,
     0x1, 0x1b,  0x0, 0x4d,  0x0,  0x0,  0x1, 0x38,  0x0,  0x0,
     0x0, 0x20, 0x6e, 0x61, 0x6d, 0x65, 0xfc, 0x9b, 0x8d, 0x91,
     0x0,  0x0, 0x68, 0xbc,  0x0,  0x0,  0x7, 0x68, 0x70, 0x6f,
    0x73, 0x74, 0x89, 0xf7, 0x12,  0xb,  0x0,  0x0, 0x70, 0x24,
     0x0,  0x0,  0x1, 0xfe, 0x70, 0x72, 0x65, 0x70, 0x68,  0x6,
    0x8c, 0x85,  0x0,  0x0,  0x6, 0xcc,  0x0,  0x0,  0x0,  0x7,
     0x0,  0x1,  0x0,  0x0,  0x0,  0x1,  0x0, 0xc5, 0x70,  0xd,
    0x61, 0xc5, 0x5f,  0xf, 0x3c, 0xf5,  0x0,  0xb,  0x3, 0xe8,
     0x0,  0x0,  0x0,  0x0, 0xcb, 0x2a, 0x66,  0x6,  0x0,  0x0,
     0x0,  0x0, 0xcb, 0x2a, 0x66,  0x6, 0xff, 0x33, 0xfe, 0xf3,
     0x3, 0xc6,  0x3, 0x6c,  0x0,  0x1,  0x0,  0x8,  0x0,  0x2,
     0x0,  0x0,  0x0,  0x0,  0x0,  0x0,  0x0,  0x1,  0x0,  0x0,
     0x3, 0xf7, 0xfe, 0xa7,  0x0,  0x0,  0x3, 0xe8, 0xff, 0x33,
    0xff, 0x4e,  0x3, 0xc6,  0x0,  0x1,  0x0,  0x0,  0x0,  0x0,
     0x0,  0x0,  0x0,  0x0,  0x0,  0x0,  0x0,  0x0,  0x0,  0x0,
     0x0, 0xd4,  0x0,  0x1,  0x0,  0x0,  0x0, 0xd4,  0x0, 0x4a,
     0x0,  0x5,  0x0,  0x0,  0x0,  0x0,  0x0,  0x2,  0x0,  0x0,
     0x0,  0x1,  0x0,  0x1,  0x0,  0x0,  0x0, 0x40,  0x0,  0x0,
     0x0,  0x0,  0x0,  0x0,  0x0,  0x2,  0x1, 0x9c,  0x2, 0xbc,
     0x0,  0x5,  0x0,  0x0,  0x2, 0xbc,  0x2, 0x8a,  0x0,  0x0,
     0x0, 0x8c,  0x2, 0xbc,  0x2, 0x8a,  0x0,  0x0,  0x1, 0xdd,
     0x0, 0x32,  0x0, 0xfa,  0x1,  0x2,  0x2,  0x0,  0x5,  0x3,
     0x5,  0x0,  0x0,  0x2,  0x0,  0x4, 0xa0,  0x0,  0x0, 0xef,
    0x40,  0x0, 0x20, 0x4b,  0x0,  0x0,  0x0,  0x0,  0x0,  0x0,
     0x0,  0x0, 0x70, 0x79, 0x72, 0x73,  0x0, 0x20,  0x0, 0x20,
    0x20, 0xac,  0x3, 0xf8, 0xfe, 0xa7,  0x0,  0x0,  0x3, 0xf7,
     0x1, 0x59, 0x20,  0x0,  0x0, 0x93,  0x0,  0x0,  0x0,  0x0,
     0x0, 0x9f,  0x0, 0x96,  0x0,  0x0,  0x0, 0x20,  0x0,  0x1,
     0x3, 0xe8,  0x0,  0x0,  0x0,  0x0,  0x0,  0x0,  0x1, 0x4d,
     0x0,  0x0,  0x0, 0xae,  0x0,  0x0,  0x1, 0x1d,  0x0, 0x32,
     0x1, 0x41,  0x0, 0x2b,  0x2,  0xe,  0x0,  0x9,  0x1, 0xd2,
     0x0, 0x22,  0x2, 0xc9,  0x0, 0x12,  0x2, 0xd0,  0x0, 0x29,
     0x0, 0xb0,  0x0, 0x2b,  0x1, 0x35,  0x0, 0x46,  0x1, 0x35,
     0x0,  0xf,  0x1, 0x9c,  0x0, 0x29,  0x1, 0xfa,  0x0, 0x11,
     0x0, 0xee,  0x0,  0x4,  0x1, 0x44,  0x0, 0x23,  0x0, 0xee,
     0x0, 0x29,  0x1, 0x49,  0x0, 0x14,  0x1, 0xf5,  0x0, 0x1a,
     0x1, 0x6d,  0x0, 0x15,  0x1, 0xe4,  0x0,  0xf,  0x1, 0xaf,
     0x0,  0xb,  0x1, 0xd4,  0x0,  0x2,  0x1, 0xab,  0x0,  0x1,
     0x1, 0xd0,  0x0, 0x1c,  0x1, 0xab,  0x0, 0x19,  0x1, 0xdf,
     0x0, 0x26,  0x1, 0xd0,  0x0, 0x18,  0x0, 0xee,  0x0, 0x27,
     0x0, 0xee,  0x0,  0x4,  0x1, 0xd6,  0x0, 0x1c,  0x1, 0xfa,
     0x0, 0x11,  0x1, 0xd6,  0x0, 0x27,  0x1, 0x72,  0x0, 0x31,
     0x3, 0x5f,  0x0, 0x18,  0x2, 0x71, 0xff, 0xf4,  0x2, 0x75,
     0x0, 0x24,  0x2, 0x69,  0x0, 0x1c,  0x2, 0xb5,  0x0, 0x26,
     0x2, 0x55,  0x0, 0x24,  0x2, 0x14,  0x0, 0x24,  0x2, 0x8e,
     0x0, 0x1c,  0x2, 0xeb,  0x0, 0x25,  0x1, 0x6d,  0x0, 0x24,
     0x1, 0x4d,  0x0,  0xa,  0x2, 0x93,  0x0, 0x25,  0x2, 0x13,
     0x0, 0x2a,  0x3, 0x49,  0x0, 0x1b,  0x2, 0xd9,  0x0, 0x22,
     0x2, 0xa2,  0x0, 0x1c,  0x2, 0x41,  0x0, 0x27,  0x2, 0xa7,
     0x0, 0x1c,  0x2, 0x83,  0x0, 0x24,  0x2, 0x1c,  0x0, 0x24,
     0x2, 0x39,  0x0,  0x5,  0x2, 0x8f,  0x0, 0x12,  0x2, 0x71,
    0xff, 0xf9,  0x3, 0xc4, 0xff, 0xfa,  0x2, 0xaa,  0x0,  0x7,
     0x2, 0x56, 0xff, 0xf6,  0x2, 0x44,  0x0, 0x13,  0x1, 0x3d,
     0x0, 0x51,  0x1, 0x49,  0x0,  0xc,  0x1, 0x3d,  0x0,  0xe,
     0x1, 0xe9,  0x0, 0x20,  0x1, 0xc5, 0xff, 0xf7,  0x1, 0x8e,
     0x0, 0x41,  0x1, 0xdf,  0x0, 0x1b,  0x2,  0x2, 0xff, 0xfe,
     0x1, 0xb0,  0x0, 0x19,  0x2, 0x19,  0x0, 0x19,  0x1, 0xcf,
     0x0, 0x19,  0x1, 0x56,  0x0, 0x18,  0x2,  0x0,  0x0, 0x27,
     0x2, 0x20,  0x0,  0x2,  0x1, 0x25,  0x0, 0x19,  0x1, 0x12,
     0x0,  0x7,  0x2,  0x7,  0x0,  0x3,  0x1,  0x9,  0x0,  0x3,
     0x3, 0x47,  0x0, 0x18,  0x2, 0x3a,  0x0, 0x18,  0x1, 0xf7,
     0x0, 0x19,  0x2, 0x1a,  0x0, 0x16,  0x2,  0x5,  0x0, 0x19,
     0x1, 0x9d,  0x0, 0x1b,  0x1, 0x99,  0x0, 0x1d,  0x1, 0x4c,
     0x0,  0x4,  0x2, 0x23,  0x0,  0xf,  0x1, 0xd4, 0xff, 0xf5,
     0x2, 0xe4, 0xff, 0xf8,  0x1, 0xf1,  0x0,  0x1,  0x1, 0xd1,
    0xff, 0xe9,  0x1, 0xca,  0x0, 0x14,  0x1, 0x41,  0x0, 0x2c,
     0x1, 0x4e,  0x0, 0x74,  0x1, 0x41,  0x0,  0xb,  0x1, 0xfa,
     0x0, 0x1b,  0x0, 0xae,  0x0,  0x0,  0x1, 0x1d,  0x0, 0x32,
     0x1, 0xb0,  0x0, 0x19,  0x2,  0x6,  0x0, 0x1b,  0x1, 0xbc,
     0x0,  0xd,  0x2, 0x38,  0x0, 0x15,  0x1, 0x4e,  0x0, 0x74,
     0x1, 0xf4,  0x0, 0x1c,  0x1, 0x8e,  0x0, 0x2e,  0x2, 0xb8,
     0x0, 0x2b,  0x1, 0x55,  0x0, 0x17,  0x1, 0xc3,  0x0,  0xf,
     0x1, 0xfa,  0x0, 0x11,  0x1, 0xd4,  0x0, 0x1e,  0x1, 0x8e,
     0x0, 0x32,  0x1, 0x2e,  0x0, 0x15,  0x1, 0xfa,  0x0, 0x11,
     0x1, 0x60,  0x0, 0x16,  0x1, 0x36,  0x0, 0x16,  0x1, 0x8e,
     0x0, 0x73,  0x2, 0x37,  0x0, 0x18,  0x0, 0xee,  0x0, 0x29,
     0x1, 0x8e,  0x0, 0x59,  0x1,  0x9,  0x0, 0x14,  0x1, 0x62,
     0x0, 0x17,  0x1, 0xc3,  0x0, 0x29,  0x2, 0xfa,  0x0, 0x14,
     0x3, 0x18,  0x0, 0x14,  0x2, 0xfa,  0x0, 0x16,  0x1, 0x72,
     0x0,  0xa,  0x2, 0x71, 0xff, 0xf4,  0x2, 0x71, 0xff, 0xf4,
     0x2, 0x71, 0xff, 0xf4,  0x2, 0x71, 0xff, 0xf4,  0x2, 0x71,
    0xff, 0xf4,  0x2, 0x71, 0xff, 0xf4,  0x3, 0x67, 0xff, 0xfc,
     0x2, 0x69,  0x0, 0x1c,  0x2, 0x55,  0x0, 0x24,  0x2, 0x55,
     0x0, 0x24,  0x2, 0x55,  0x0, 0x24,  0x2, 0x55,  0x0, 0x24,
     0x1, 0x6d,  0x0, 0x12,  0x1, 0x6d,  0x0, 0x24,  0x1, 0x6d,
     0x0, 0x13,  0x1, 0x6d,  0x0, 0x21,  0x2, 0xc5,  0x0,  0x8,
     0x2, 0xd9,  0x0, 0x22,  0x2, 0xa2,  0x0, 0x1c,  0x2, 0xa2,
     0x0, 0x1c,  0x2, 0xa2,  0x0, 0x1c,  0x2, 0xa2,  0x0, 0x1c,
     0x2, 0xa2,  0x0, 0x1c,  0x1, 0xfa,  0x0, 0x34,  0x2, 0xa2,
     0x0, 0x1c,  0x2, 0x8f,  0x0, 0x12,  0x2, 0x8f,  0x0, 0x12,
     0x2, 0x8f,  0x0, 0x12,  0x2, 0x8f,  0x0, 0x12,  0x2, 0x56,
    0xff, 0xf6,  0x2, 0x3d,  0x0, 0x24,  0x2, 0x7f,  0x0, 0x18,
     0x1, 0xdf,  0x0, 0x1b,  0x1, 0xdf,  0x0, 0x1b,  0x1, 0xdf,
     0x0, 0x1b,  0x1, 0xdf,  0x0, 0x1b,  0x1, 0xdf,  0x0, 0x1b,
     0x1, 0xdf,  0x0, 0x1b,  0x2, 0x9e,  0x0, 0x12,  0x1, 0xb0,
     0x0, 0x19,  0x1, 0xcf,  0x0, 0x19,  0x1, 0xcf,  0x0, 0x19,
     0x1, 0xcf,  0x0, 0x19,  0x1, 0xcf,  0x0, 0x19,  0x1, 0x25,
     0x0,  0xb,  0x1, 0x25,  0x0, 0x19,  0x1, 0x25, 0xff, 0xf8,
     0x1, 0x25, 0xff, 0xfe,  0x1, 0xfc,  0x0, 0x1d,  0x2, 0x3a,
     0x0, 0x18,  0x1, 0xf7,  0x0, 0x19,  0x1, 0xf7,  0x0, 0x19,
     0x1, 0xf7,  0x0, 0x19,  0x1, 0xf7,  0x0, 0x19,  0x1, 0xf7,
     0x0, 0x19,  0x1, 0xfa,  0x0, 0x11,  0x1, 0xf7,  0x0, 0x18,
     0x2, 0x23,  0x0,  0xf,  0x2, 0x23,  0x0,  0xf,  0x2, 0x23,
     0x0,  0xf,  0x2, 0x23,  0x0,  0xf,  0x1, 0xd1, 0xff, 0xe9,
     0x2,  0x1,  0x0,  0x0,  0x1, 0xd1, 0xff, 0xe9,  0x1, 0x25,
     0x0, 0x19,  0x3, 0xac,  0x0, 0x1d,  0x3,  0x3,  0x0, 0x19,
     0x1, 0x8e,  0x0, 0x25,  0x1, 0x8e,  0x0, 0x6a,  0x1, 0x8e,
     0x0, 0x13,  0x1, 0xc5, 0xff, 0xf7,  0x3, 0x6c, 0xff, 0xf7,
     0x0, 0xda,  0x0, 0x1c,  0x0, 0xda,  0x0,  0x6,  0x0, 0xee,
     0x0,  0x4,  0x1, 0x92,  0x0, 0x1c,  0x1, 0x92,  0x0,  0x6,
     0x1, 0xa5,  0x0,  0xc,  0x1, 0x54,  0x0, 0x32,  0x1,  0x9,
     0x0,  0xf,  0x1,  0x9,  0x0, 0x29,  0x0, 0x9b, 0xff, 0x33,
     0x1, 0x51,  0x0,  0x9,  0x2, 0x3d,  0x0,  0x5,  0x0,  0x0,
     0x0,  0x3,  0x0,  0x0,  0x0,  0x3,  0x0,  0x0,  0x0, 0x1c,
     0x0,  0x1,  0x0,  0x0,  0x0,  0x0,  0x0, 0xbc,  0x0,  0x3,
     0x0,  0x1,  0x0,  0x0,  0x0, 0x1c,  0x0,  0x4,  0x0, 0xa0,
     0x0,  0x0,  0x0, 0x24,  0x0, 0x20,  0x0,  0x4,  0x0,  0x4,
     0x0, 0x7e,  0x0, 0xac,  0x0, 0xb4,  0x0, 0xff,  0x1, 0x31,
     0x1, 0x53,  0x2, 0xc6,  0x2, 0xda,  0x2, 0xdc, 0x20, 0x14,
    0x20, 0x1a, 0x20, 0x1e, 0x20, 0x22, 0x20, 0x3a, 0x20, 0x44,
    0x20, 0x74, 0x20, 0xac, 0xff, 0xff,  0x0,  0x0,  0x0, 0x20,
     0x0, 0xa0,  0x0, 0xae,  0x0, 0xb6,  0x1, 0x31,  0x1, 0x52,
     0x2, 0xc6,  0x2, 0xda,  0x2, 0xdc, 0x20, 0x13, 0x20, 0x18,
    0x20, 0x1c, 0x20, 0x22, 0x20, 0x39, 0x20, 0x44, 0x20, 0x74,
    0x20, 0xac, 0xff, 0xff, 0xff, 0xe3, 0xff, 0xc2, 0xff, 0xc1,
    0xff, 0xc0, 0xff, 0x8f, 0xff, 0x6f, 0xfd, 0xfd, 0xfd, 0xea,
    0xfd, 0xe9, 0xe0, 0xb3, 0xe0, 0xb0, 0xe0, 0xaf, 0xe0, 0xac,
    0xe0, 0x96, 0xe0, 0x8d, 0xe0, 0x5e, 0xe0, 0x27,  0x0,  0x1,
     0x0,  0x0,  0x0,  0x0,  0x0,  0x0,  0x0,  0x0,  0x0,  0x0,
     0x0,  0x0,  0x0,  0x0,  0x0,  0x0,  0x0,  0x0,  0x0,  0x0,
     0x0,  0x0,  0x0,  0x0,  0x0,  0x0,  0x0,  0x0,  0x0,  0x0,
     0x0,  0x0,  0x0,  0x0,  0x0,  0x0,  0x0,  0x0,  0x1,  0x6,
     0x0,  0x0,  0x1,  0x0,  0x0,  0x0,  0x0,  0x0,  0x0,  0x0,
     0x1,  0x2,  0x0,  0x0,  0x0,  0x2,  0x0,  0x0,  0x0,  0x0,
     0x0,  0x0,  0x0,  0x0,  0x0,  0x0,  0x0,  0x0,  0x0,  0x0,
     0x0,  0x1,  0x0,  0x0,  0x3,  0x4,  0x5,  0x6,  0x7,  0x8,
     0x9,  0xa,  0xb,  0xc,  0xd,  0xe,  0xf, 0x10, 0x11, 0x12,
    0x13, 0x14, 0x15, 0x16, 0x17, 0x18, 0x19, 0x1a, 0x1b, 0x1c,
    0x1d, 0x1e, 0x1f, 0x20, 0x21, 0x22, 0x23, 0x24, 0x25, 0x26,
    0x27, 0x28, 0x29, 0x2a, 0x2b, 0x2c, 0x2d, 0x2e, 0x2f, 0x30,
    0x31, 0x32, 0x33, 0x34, 0x35, 0x36, 0x37, 0x38, 0x39, 0x3a,
    0x3b, 0x3c, 0x3d, 0x3e, 0x3f, 0x40, 0x41, 0x42, 0x43, 0x44,
    0x45, 0x46, 0x47, 0x48, 0x49, 0x4a, 0x4b, 0x4c, 0x4d, 0x4e,
    0x4f, 0x50, 0x51, 0x52, 0x53, 0x54, 0x55, 0x56, 0x57, 0x58,
    0x59, 0x5a, 0x5b, 0x5c, 0x5d, 0x5e, 0x5f, 0x60, 0x61,  0x0,
    0x84, 0x85, 0x87, 0x89, 0x91, 0x96, 0x9c, 0xa1, 0xa0, 0xa2,
    0xa4, 0xa3, 0xa5, 0xa7, 0xa9, 0xa8, 0xaa, 0xab, 0xad, 0xac,
    0xae, 0xaf, 0xb1, 0xb3, 0xb2, 0xb4, 0xb6, 0xb5, 0xba, 0xb9,
    0xbb, 0xbc,  0x0, 0x71, 0x64, 0x65, 0x69, 0xce, 0x76, 0x9f,
    0x6f, 0x6b,  0x0, 0x75, 0x6a,  0x0, 0x86, 0x98,  0x0, 0x72,
     0x0,  0x0, 0x67,  0x0,  0x0,  0x0,  0x0,  0x0,  0x0, 0x6c,
    0x7a,  0x0, 0xa6, 0xb8, 0x7f, 0x63, 0x6e,  0x0,  0x0,  0x0,
     0x0, 0x6d, 0x7b,  0x0, 0x62, 0x80, 0x83, 0x95, 0xc1, 0xc2,
    0xc6, 0xc7, 0xcb, 0xcc, 0xc8, 0xc9, 0xb7,  0x0, 0xbf,  0x0,
    0xd1, 0xd3, 0xcf, 0xd0,  0x0,  0x0,  0x0, 0x77, 0xca, 0xcd,
     0x0, 0x82, 0x8a, 0x81, 0x8b, 0x88, 0x8d, 0x8e, 0x8f, 0x8c,
    0x93, 0x94,  0x0, 0x92, 0x9a, 0x9b, 0x99, 0xc0, 0xc3, 0xc5,
    0x70,  0x0,  0x0, 0xc4, 0x78,  0x0,  0x0,  0x0,  0x0,  0x0,
    0xb8,  0x1, 0xff, 0x85, 0xb0,  0x4, 0x8d,  0x0,  0x0,  0x0,
     0x0,  0x0,  0x0,  0x0,  0x0,  0x0,  0x0,  0x0,  0x0, 0x1e,
     0x0, 0x42,  0x0, 0x8a,  0x0, 0xdc,  0x1, 0x26,  0x1, 0x82,
     0x1, 0x98,  0x1, 0xc6,  0x1, 0xf6,  0x2, 0x3c,  0x2, 0x60,
     0x2, 0x7a,  0x2, 0x8c,  0x2, 0x9e,  0x2, 0xb6,  0x2, 0xd4,
     0x3,  0x2,  0x3, 0x34,  0x3, 0x6a,  0x3, 0x94,  0x3, 0xc6,
     0x4,  0x2,  0x4, 0x26,  0x4, 0x62,  0x4, 0x9a,  0x4, 0xb6,
     0x4, 0xda,  0x4, 0xf6,  0x5, 0x18,  0x5, 0x36,  0x5, 0x6c,
     0x5, 0xc2,  0x6,  0xc,  0x6, 0x58,  0x6, 0x86,  0x6, 0xc0,
     0x7,  0xe,  0x7, 0x54,  0x7, 0x94,  0x7, 0xf8,  0x8, 0x28,
     0x8, 0x50,  0x8, 0xaa,  0x8, 0xe0,  0x9, 0x40,  0x9, 0x88,
     0x9, 0xa8,  0x9, 0xec,  0xa, 0x1c,  0xa, 0x66,  0xa, 0xae,
     0xa, 0xe6,  0xb, 0x24,  0xb, 0x60,  0xb, 0xc0,  0xc, 0x24,
     0xc, 0x74,  0xc, 0xa4,  0xc, 0xbe,  0xc, 0xd4,  0xc, 0xee,
     0xd,  0xe,  0xd, 0x22,  0xd, 0x38,  0xd, 0x78,  0xd, 0xaa,
     0xd, 0xd4,  0xe, 0x16,  0xe, 0x4a,  0xe, 0x8a,  0xe, 0xe6,
     0xf, 0x32,  0xf, 0x66,  0xf, 0x94,  0xf, 0xe6, 0x10, 0x10,
    0x10, 0x7c, 0x10, 0xc8, 0x10, 0xe4, 0x11, 0x2a, 0x11, 0x64,
    0x11, 0xa2, 0x11, 0xde, 0x12,  0xc, 0x12, 0x4a, 0x12, 0x82,
    0x12, 0xdc, 0x13, 0x38, 0x13, 0x7c, 0x13, 0xaa, 0x13, 0xe6,
    0x13, 0xfc, 0x14, 0x38, 0x14, 0x5c, 0x14, 0x5c, 0x14, 0x7c,
    0x14, 0xb0, 0x14, 0xf8, 0x15, 0x36, 0x15, 0xa0, 0x15, 0xbe,
    0x16, 0x12, 0x16, 0x30, 0x16, 0x72, 0x16, 0xb2, 0x16, 0xe0,
    0x16, 0xfe, 0x17, 0x5a, 0x17, 0x6e, 0x17, 0x8c, 0x17, 0xbc,
    0x17, 0xea, 0x18, 0x1e, 0x18, 0x34, 0x18, 0x70, 0x18, 0x82,
    0x18, 0xa6, 0x18, 0xd4, 0x18, 0xf0, 0x19, 0x20, 0x19, 0x7e,
    0x19, 0xe6, 0x1a, 0x4c, 0x1a, 0x84, 0x1a, 0xdc, 0x1b, 0x34,
    0x1b, 0x94, 0x1b, 0xfc, 0x1c, 0x5c, 0x1c, 0xbe, 0x1d, 0x2e,
    0x1d, 0x78, 0x1d, 0xd4, 0x1e, 0x2e, 0x1e, 0x92, 0x1e, 0xf6,
    0x1f, 0x34, 0x1f, 0x72, 0x1f, 0xb8, 0x20,  0x0, 0x20, 0x44,
    0x20, 0xaa, 0x20, 0xda, 0x21,  0x8, 0x21, 0x3e, 0x21, 0x7c,
    0x21, 0xb4, 0x21, 0xd8, 0x22, 0x12, 0x22, 0x60, 0x22, 0xac,
    0x23,  0x0, 0x23, 0x56, 0x23, 0xb4, 0x23, 0xfe, 0x24, 0x5c,
    0x24, 0xac, 0x24, 0xfc, 0x25, 0x52, 0x25, 0xae, 0x26,  0x6,
    0x26, 0x5c, 0x26, 0xb8, 0x26, 0xfa, 0x27, 0x3c, 0x27, 0x7e,
    0x27, 0xc6, 0x28, 0x10, 0x28, 0x46, 0x28, 0x7c, 0x28, 0xb8,
    0x28, 0xf6, 0x29, 0x34, 0x29, 0x9c, 0x29, 0xc8, 0x29, 0xf4,
    0x2a, 0x26, 0x2a, 0x5e, 0x2a, 0x92, 0x2a, 0xbe, 0x2a, 0xf4,
    0x2b, 0x40, 0x2b, 0x8c, 0x2b, 0xde, 0x2c, 0x32, 0x2c, 0x84,
    0x2c, 0xd2, 0x2d, 0x2c, 0x2d, 0x52, 0x2d, 0xa6, 0x2d, 0xf4,
    0x2e, 0x10, 0x2e, 0x2c, 0x2e, 0x4e, 0x2e, 0x62, 0x2e, 0x76,
    0x2e, 0x90, 0x2e, 0xaa, 0x2e, 0xc4, 0x2e, 0xf0, 0x2f, 0x1e,
    0x2f, 0x4c, 0x2f, 0x5e, 0x2f, 0x78, 0x2f, 0x92, 0x2f, 0xac,
    0x2f, 0xd2, 0x30, 0x1e,  0x0,  0x0,  0x0,  0x2,  0x0, 0x32,
    0xff, 0xf5,  0x0, 0xea,  0x2, 0xc1,  0x0,  0x7,  0x0,  0xe,
     0x0,  0x0, 0x36,  0x6, 0x22, 0x26, 0x34, 0x36, 0x32, 0x16,
    0x27,  0x3, 0x3f,  0x1, 0x17,  0x3,  0x7, 0xcd, 0x2c, 0x49,
    0x26, 0x2c, 0x48, 0x27, 0x70, 0x15,  0xc, 0x86, 0x10, 0x3e,
    0x40, 0x23, 0x2e, 0x29, 0x47, 0x2e, 0x29, 0x82,  0x1, 0xae,
    0x11, 0x16, 0x12, 0xfe, 0x3b,  0xb,  0x0,  0x2,  0x0, 0x2b,
     0x1, 0x98,  0x1, 0x28,  0x2, 0x8e,  0x0,  0x9,  0x0, 0x13,
     0x0,  0x0, 0x13, 0x34, 0x35, 0x34, 0x27, 0x37, 0x17,  0x6,
     0xf,  0x1, 0x37, 0x34, 0x35, 0x34, 0x27, 0x37, 0x17,  0x6,
     0xf,  0x1, 0x32,  0x7, 0x64,  0x8,  0xf, 0x17, 0x30, 0x82,
     0x7, 0x64,  0x8,  0xf, 0x17, 0x30,  0x1, 0x9c, 0x14, 0x1b,
    0x58, 0x5d,  0xe,  0xa, 0x6e, 0x6a, 0x14,  0x4, 0x14, 0x1b,
    0x58, 0x5d,  0xe,  0xa, 0x6e, 0x6a, 0x14,  0x0,  0x0,  0x2,
     0x0,  0x9,  0x0, 0x21,  0x2,  0x1,  0x2, 0x41,  0x0, 0x25,
     0x0, 0x2a,  0x0,  0x0, 0x13, 0x27, 0x37, 0x17, 0x3f,  0x1,
    0x17,  0x7, 0x33, 0x17, 0x3f,  0x1, 0x17,  0x7, 0x37, 0x17,
     0x7, 0x23,  0x7, 0x37, 0x17,  0x7, 0x23,  0xf,  0x1, 0x27,
    0x37, 0x27,  0xf,  0x2, 0x27, 0x37,  0x7, 0x27, 0x37, 0x17,
    0x3f,  0x1,  0x7, 0x33, 0x17, 0x37, 0x31,  0x6,  0xf, 0x63,
    0x1b, 0x49,  0xb, 0x1f, 0x2f, 0x2f, 0x1b, 0x49,  0xb, 0x1f,
    0x61,  0x5,  0xe, 0x68, 0x12, 0x61,  0x5,  0xe, 0x66, 0x1a,
    0x47,  0xa, 0x1c, 0x38, 0x26, 0x1a, 0x47,  0xa, 0x1c, 0x60,
     0x6,  0xf, 0x65, 0x13, 0x4e, 0x13, 0x2c, 0x34, 0x12,  0x1,
    0x5f,  0xb, 0x46,  0x1, 0x8b,  0x7,  0x6, 0x8c,  0x1, 0x8c,
     0x7,  0x6, 0x8c,  0x2,  0xc, 0x46, 0x5d,  0x1,  0xc, 0x45,
    0x86,  0xb,  0x8, 0x89,  0x1,  0x1, 0x86,  0xb,  0x8, 0x89,
     0x1,  0xc, 0x45,  0x1, 0x5e,  0x1, 0x5f,  0x1, 0x60,  0x0,
     0x0,  0x0,  0x0,  0x1,  0x0, 0x22, 0xff, 0x61,  0x1, 0xac,
     0x2, 0x92,  0x0, 0x35,  0x0,  0x0, 0x36, 0x16, 0x32, 0x36,
    0x35, 0x34, 0x2e,  0x2, 0x27, 0x2e,  0x2, 0x34, 0x36, 0x3f,
     0x2, 0x17,  0x7, 0x16, 0x1f,  0x1,  0x6,  0xf,  0x1, 0x27,
    0x36, 0x35, 0x34, 0x26, 0x22,  0x6, 0x14, 0x16, 0x17, 0x1e,
     0x2, 0x17, 0x16, 0x14,  0x6,  0xf,  0x2, 0x27, 0x37, 0x26,
    0x2f,  0x1, 0x36, 0x3f,  0x1, 0x7e, 0x26, 0x54, 0x2a, 0x16,
     0xb, 0x1d,  0x7,  0x9, 0x68, 0x44, 0x62, 0x51, 0x10, 0x45,
     0x6,  0xf, 0x3f, 0x38,  0x7,  0xf,  0x6, 0x46,  0x8,  0x1,
    0x24, 0x47, 0x29,  0xf, 0x14, 0x17, 0x52, 0x29, 0x18, 0x30,
    0x66, 0x58, 0x10, 0x44,  0x6, 0x10, 0x3f, 0x3b,  0x8,  0xd,
     0x2, 0x4d, 0x72, 0x2b, 0x1c, 0x17, 0x12, 0x13,  0xa,  0xe,
     0x3,  0x5, 0x2e, 0x3f, 0x70, 0x54,  0xb, 0x8e,  0x9,  0x9,
    0x8c,  0x2, 0x12,  0xc, 0x40, 0x46,  0x6,  0x6,  0xb,  0xb,
    0x20, 0x1d, 0x1b, 0x23, 0x16,  0xc,  0xd, 0x24, 0x15, 0x12,
    0x24, 0x79, 0x53,  0x8, 0x91,  0x8,  0x7, 0x90,  0x4, 0x19,
     0xc, 0x47, 0x3c,  0x6,  0x0,  0x0,  0x0,  0x5,  0x0, 0x12,
    0xff, 0xa3,  0x2, 0xc3,  0x2, 0xa6,  0x0,  0x9,  0x0, 0x11,
     0x0, 0x1a,  0x0, 0x22,  0x0, 0x2c,  0x0,  0x0, 0x13, 0x32,
    0x35, 0x34, 0x26, 0x23, 0x22, 0x15, 0x14, 0x16, 0x36,  0x6,
    0x22, 0x26, 0x34, 0x36, 0x32, 0x16, 0x13, 0x32, 0x35, 0x34,
    0x26, 0x22,  0x6, 0x14, 0x16, 0x36,  0x6, 0x22, 0x26, 0x34,
    0x36, 0x32, 0x16,  0x3, 0x17,  0x2,  0x7,  0x3, 0x2f,  0x1,
    0x36, 0x37,  0x1, 0xac, 0x52, 0x30, 0x2d, 0x50, 0x33, 0xb9,
    0x54, 0x8c, 0x4b, 0x56, 0x8d, 0x48, 0xf5, 0x51, 0x30, 0x54,
    0x29, 0x33, 0xba, 0x54, 0x8c, 0x4b, 0x56, 0x8c, 0x49, 0x64,
     0x7, 0xb0, 0x5a, 0xca, 0x41,  0x5, 0x79, 0x56,  0x1,  0x6,
     0x1, 0x98, 0x42, 0x23, 0x2a, 0x41, 0x27, 0x27,  0x3, 0x66,
    0x59, 0x9d, 0x63, 0x59, 0xfe, 0x23, 0x41, 0x23, 0x2b, 0x23,
    0x46, 0x26,  0x2, 0x66, 0x59, 0x9e, 0x62, 0x59,  0x1, 0x99,
    0x13, 0xfe, 0xf5, 0x8c, 0xfe, 0xc0, 0x1b,  0xe, 0xb4, 0x88,
     0x1, 0x9e,  0x0,  0x0,  0x0,  0x2,  0x0, 0x29, 0xff, 0xde,
     0x2, 0xd0,  0x2, 0x8e,  0x0, 0x37,  0x0, 0x3d,  0x0,  0x0,
     0x1, 0x22,  0x7, 0x27, 0x36, 0x3f,  0x1, 0x36, 0x37, 0x17,
     0x7,  0xe,  0x1, 0x2b,  0x1,  0x7, 0x16, 0x14,  0x7, 0x17,
    0x15,  0x6, 0x23, 0x22, 0x27,  0x6, 0x22, 0x26, 0x35, 0x34,
    0x36, 0x37, 0x36, 0x3f,  0x1, 0x35, 0x26, 0x34, 0x36, 0x33,
    0x32, 0x1f,  0x1,  0xf,  0x1, 0x26, 0x23, 0x22,  0x6, 0x14,
    0x16, 0x1f,  0x1, 0x36, 0x35, 0x34,  0x5,  0x6, 0x14, 0x16,
    0x32, 0x37,  0x1, 0xa7, 0x14, 0x21, 0x14, 0x1a, 0x2b, 0xcd,
    0x50,  0x2,  0xe, 0x12,  0x7, 0x1c, 0x22, 0x53,  0x3, 0x1e,
    0x2a, 0x89, 0x40, 0x1e,  0xd, 0x6d, 0x5d, 0xca, 0x78, 0x1a,
    0x12, 0x26, 0x1d,  0xd, 0x4f, 0x7c, 0x63, 0x47, 0x45,  0x2,
    0x30, 0x12, 0x33, 0x36, 0x23, 0x29, 0x38, 0x4c, 0x93,  0xd,
    0xfe, 0xe4, 0x38, 0x4e, 0x7e, 0x31,  0x1, 0x68,  0x7, 0x43,
     0xf,  0x2,  0xc,  0x7,  0x4, 0x17, 0x32, 0x10,  0xc,  0x7,
    0x21, 0x6c, 0x3f, 0x74, 0x10, 0x32, 0x62, 0x4c, 0x5d, 0x52,
    0x20, 0x3a, 0x11, 0x25,  0xd,  0x5,  0x9, 0x52, 0x90, 0x5e,
    0x17, 0x11, 0x5b,  0x1, 0x2e, 0x23, 0x48, 0x4e, 0x41, 0x7e,
    0x25, 0x26, 0x5d, 0x49, 0x24, 0x72, 0x3f, 0x20,  0x0,  0x1,
     0x0, 0x2b,  0x1, 0x98,  0x0, 0x97,  0x2, 0x8e,  0x0,  0x9,
     0x0,  0x0, 0x13, 0x34, 0x35, 0x34, 0x27, 0x37, 0x17,  0x6,
     0xf,  0x1, 0x32,  0x7, 0x64,  0x8,  0xf, 0x17, 0x30,  0x1,
    0x9c, 0x14, 0x1b, 0x58, 0x5d,  0xe,  0xa, 0x6e, 0x6a, 0x14,
     0x0,  0x0,  0x0,  0x1,  0x0, 0x46, 0xff, 0x6e,  0x1, 0x26,
     0x2, 0x89,  0x0, 0x1d,  0x0,  0x0, 0x37, 0x35, 0x34, 0x36,
    0x37, 0x36, 0x3f,  0x1, 0x33, 0x17,  0x7,  0xe,  0x3, 0x1d,
     0x1, 0x14, 0x16, 0x17, 0x16, 0x1f,  0x1, 0x15,  0x7, 0x23,
    0x2e,  0x3, 0x46, 0x25, 0x1a, 0x35, 0x2c, 0x12,  0xb, 0x1f,
     0x1,  0xe, 0x2b, 0x1c, 0x18, 0x17, 0x11, 0x23, 0x1b,  0xc,
    0x29,  0x8, 0x1b, 0x40, 0x2e, 0x26, 0xa3, 0xad, 0x45, 0x73,
    0x21, 0x44, 0x13,  0x9, 0x2e,  0x6,  0x7, 0x2c, 0x32, 0x5b,
    0x36, 0xad, 0x3b, 0x63, 0x1d, 0x3c, 0x13,  0x8,  0x8, 0x2a,
     0xb, 0x35, 0x3f, 0x72,  0x0,  0x1,  0x0,  0xf, 0xff, 0x6e,
     0x0, 0xef,  0x2, 0x89,  0x0, 0x1d,  0x0,  0x0, 0x13, 0x15,
    0x14,  0x6,  0x7,  0x6,  0xf,  0x1, 0x23, 0x27, 0x37, 0x3e,
     0x3, 0x3d,  0x1, 0x34, 0x26, 0x27, 0x26, 0x2f,  0x1, 0x35,
    0x37, 0x33, 0x1e,  0x3, 0xef, 0x25, 0x1a, 0x35, 0x2b, 0x13,
     0xb, 0x1f,  0x1,  0xe, 0x2b, 0x1c, 0x18, 0x17, 0x11, 0x23,
    0x1c,  0xb, 0x29,  0x8, 0x1b, 0x40, 0x2e, 0x26,  0x1, 0x54,
    0xad, 0x45, 0x73, 0x21, 0x44, 0x14,  0x8, 0x2e,  0x6,  0x7,
    0x2c, 0x32, 0x5b, 0x36, 0xad, 0x3b, 0x63, 0x1d, 0x3c, 0x13,
     0x8,  0x8, 0x2a,  0xb, 0x35, 0x3f, 0x72,  0x0,  0x0,  0x0,
     0x0,  0x5,  0x0, 0x29,  0x1, 0x93,  0x1, 0x7e,  0x2, 0xe8,
     0x0,  0x7,  0x0,  0xf,  0x0, 0x17,  0x0, 0x1f,  0x0, 0x27,
     0x0,  0x0, 0x13, 0x16, 0x17,  0xf,  0x1, 0x27, 0x34, 0x37,
    0x17, 0x36, 0x37, 0x1f,  0x1,  0x7, 0x26, 0x27, 0x17, 0x26,
    0x27, 0x37, 0x33, 0x17,  0x6,  0x7, 0x37,  0x6, 0x23, 0x27,
    0x3f,  0x1, 0x16, 0x17, 0x27,  0x6,  0xf,  0x1, 0x2f,  0x1,
    0x36, 0x33, 0x3e, 0x32, 0x35,  0x8,  0x7, 0x6d,  0xc,  0x9,
    0x28, 0x37, 0x24,  0x3, 0x3d, 0x2b, 0x1e, 0xc2, 0x19, 0x13,
    0x1e,  0xa, 0x46, 0x1a, 0x1e, 0x6e, 0x2a, 0x50, 0x12,  0x3,
    0x69, 0x1b,  0xb, 0x7d,  0xb, 0x15, 0x2a,  0x7,  0x6, 0x2c,
    0x24,  0x2, 0xa1, 0x1a, 0x28, 0x29,  0x6, 0x1e, 0x2d, 0x23,
    0xc9, 0x27, 0x26, 0x14,  0x8, 0x5f,  0xe, 0x16, 0x35, 0x32,
    0x40, 0x1d, 0x58, 0x25, 0x15, 0xa8,  0x7, 0x25,  0xa, 0x28,
    0x25, 0x23, 0x9d, 0x37, 0x3f,  0x5,  0x4, 0x71,  0xe,  0x0,
     0x0,  0x1,  0x0, 0x11,  0x0, 0x18,  0x1, 0xe9,  0x1, 0xf1,
     0x0, 0x12,  0x0,  0x0,  0x1, 0x17,  0x6,  0x7, 0x37, 0x17,
     0xf,  0x1, 0x17,  0x7, 0x27, 0x34, 0x37,  0x7, 0x27, 0x37,
    0x16, 0x33, 0x37,  0x1, 0x24,  0xd,  0x5,  0x1, 0xb7,  0x7,
     0xa, 0xb4,  0x1, 0x58,  0xb,  0x1, 0xb2,  0x7,  0xe, 0x5a,
    0x51,  0x1,  0x1, 0xf1,  0x7, 0x6a, 0x4e,  0x6,  0xc, 0x5c,
     0x1, 0xa8,  0xf,  0x8, 0x5d, 0x52,  0x1,  0xb, 0x5a,  0x1,
    0xb4,  0x0,  0x0,  0x1,  0x0,  0x4, 0xff, 0x74,  0x0, 0xc2,
     0x0, 0x8e,  0x0,  0xc,  0x0,  0x0, 0x37, 0x36, 0x32, 0x16,
    0x14,  0x6,  0x7, 0x27, 0x35, 0x3e,  0x1, 0x34, 0x27, 0x30,
    0x2d, 0x40, 0x25, 0x58, 0x41, 0x25, 0x20, 0x28, 0x1f, 0x6c,
    0x22, 0x30, 0x5d, 0x68, 0x25, 0x1e, 0x11, 0x16, 0x3e, 0x46,
    0x21,  0x0,  0x0,  0x0,  0x0,  0x1,  0x0, 0x23,  0x0, 0xc2,
     0x1, 0x21,  0x1, 0x39,  0x0,  0x5,  0x0,  0x0,  0x1, 0x17,
     0xf,  0x1, 0x27, 0x37,  0x1, 0x18,  0x9,  0x8, 0xed,  0x9,
     0x7,  0x1, 0x39,  0xd, 0x50, 0x1a,  0xc, 0x4e,  0x0,  0x0,
     0x0,  0x1,  0x0, 0x29, 0xff, 0xf5,  0x0, 0xc5,  0x0, 0x93,
     0x0,  0x7,  0x0,  0x0, 0x16, 0x22, 0x26, 0x34, 0x36, 0x32,
    0x16, 0x14, 0x99, 0x4a, 0x26, 0x2c, 0x48, 0x28,  0xb, 0x29,
    0x47, 0x2e, 0x29, 0x47,  0x0,  0x0,  0x0,  0x1,  0x0, 0x14,
    0xff, 0x92,  0x1, 0x3f,  0x2, 0xa3,  0x0,  0x9,  0x0,  0x0,
     0x1, 0x17,  0x2,  0x7,  0x3, 0x23, 0x27, 0x36, 0x37, 0x13,
     0x1, 0x32,  0xd, 0x4f, 0x2b, 0x53, 0x55,  0x9, 0x33, 0x27,
    0x73,  0x2, 0xa3,  0xf, 0xfe, 0xe5, 0xa2, 0xfe, 0xbb,  0xb,
    0xad, 0x98,  0x1, 0xc1,  0x0,  0x2,  0x0, 0x1a, 0xff, 0xf4,
     0x1, 0xdb,  0x1, 0xfe,  0x0,  0x7,  0x0,  0xf,  0x0,  0x0,
    0x24,  0x6, 0x22, 0x26, 0x34, 0x36, 0x32, 0x16,  0x4, 0x16,
    0x32, 0x36, 0x34, 0x26, 0x22,  0x6,  0x1, 0xdb, 0x82, 0xcd,
    0x72, 0x83, 0xcd, 0x71, 0xfe, 0x90, 0x50, 0x86, 0x49, 0x50,
    0x86, 0x49, 0x8b, 0x97, 0x85, 0xef, 0x96, 0x84, 0xbb, 0x48,
    0x40, 0x77, 0x48, 0x41,  0x0,  0x1,  0x0, 0x15, 0xff, 0xf5,
     0x1, 0x55,  0x1, 0xfe,  0x0, 0x1b,  0x0,  0x0, 0x37, 0x14,
    0x16, 0x33, 0x37, 0x17,  0x7, 0x26, 0x23, 0x22,  0x7, 0x37,
    0x3e,  0x1, 0x3d,  0x1, 0x34, 0x26, 0x23,  0x7, 0x27, 0x37,
    0x36, 0x37, 0x17,  0x6,  0x7,  0x6, 0xf6, 0x13, 0x19, 0x31,
     0x2,  0xb, 0x5d, 0x27, 0x39, 0x6e,  0x8, 0x33, 0x26, 0x16,
    0x1d, 0x32,  0x6,  0x6, 0x4f, 0xb2,  0xa, 0x20,  0x6,  0xa,
    0x84, 0x25, 0x1e,  0x3,  0x5, 0x43,  0x4,  0xb, 0x3f,  0x5,
    0x26, 0x31, 0xd7, 0x23, 0x16,  0x5,  0x7, 0x39,  0x8, 0x1b,
    0x1e, 0x1a, 0x34, 0x71,  0x0,  0x0,  0x0,  0x1,  0x0,  0xf,
    0xff, 0xf7,  0x1, 0xd5,  0x1, 0xfe,  0x0, 0x1e,  0x0,  0x0,
    0x13, 0x34, 0x23, 0x22,  0x6,  0x7, 0x23, 0x27, 0x3e,  0x1,
    0x32, 0x16, 0x14,  0x6,  0x7, 0x17, 0x33, 0x32, 0x36, 0x3f,
     0x1,  0x6,  0xf,  0x1, 0x26, 0x23,  0x7, 0x27, 0x37, 0x3e,
     0x1, 0xee, 0x3e, 0x1d, 0x3d, 0x16,  0xe, 0x11, 0x27, 0x67,
    0x7b, 0x56, 0x4c, 0x6f,  0x4, 0x60, 0x2f, 0x27,  0xa, 0x4c,
    0x15,  0x7,  0xe, 0xf6, 0x5e, 0x40,  0x8, 0x4b, 0x50, 0x44,
     0x1, 0x57, 0x3d, 0x29, 0x24, 0x4a, 0x33, 0x3a, 0x47, 0x69,
    0x71, 0x78,  0x8, 0x25, 0x36,  0x7, 0x6b, 0x51,  0xc,  0x9,
     0x9, 0x21, 0x53, 0x5c, 0x6d,  0x0,  0x0,  0x1,  0x0,  0xb,
    0xff, 0x9c,  0x1, 0x87,  0x1, 0xfe,  0x0, 0x22,  0x0,  0x0,
    0x13,  0x7, 0x27, 0x3e,  0x1, 0x32, 0x16, 0x14,  0x6,  0x7,
    0x15, 0x16, 0x15, 0x14,  0x6, 0x23, 0x22, 0x26, 0x27, 0x37,
    0x16, 0x32, 0x36, 0x34, 0x26, 0x23, 0x2f,  0x1, 0x37, 0x3e,
     0x1, 0x34, 0x26, 0x23, 0x22, 0x3d,  0xc, 0x15, 0x1e, 0x6f,
    0x70, 0x51, 0x3c, 0x32, 0x8b, 0xbe, 0x6d, 0x2a, 0x23,  0x4,
     0xe, 0x26, 0x6e, 0x53, 0x48, 0x4c,  0x9,  0x7, 0x41, 0x22,
    0x29, 0x23, 0x1a, 0x35,  0x1, 0x6d,  0x1, 0x47, 0x17, 0x34,
    0x40, 0x5e, 0x4a, 0x15,  0x8, 0x25, 0x5f, 0x4f, 0x8a, 0x2e,
    0x38,  0xe,  0xd, 0x36, 0x52, 0x27,  0xa, 0x3e,  0xe,  0xf,
    0x35, 0x34, 0x1e,  0x0,  0x0,  0x2,  0x0,  0x2, 0xff, 0x9c,
     0x1, 0xc2,  0x1, 0xfe,  0x0, 0x12,  0x0, 0x16,  0x0,  0x0,
     0x1, 0x32, 0x37, 0x17, 0x11, 0x33, 0x17,  0x7, 0x26, 0x27,
    0x17,  0xf,  0x1, 0x27, 0x36, 0x37, 0x26, 0x23, 0x3f,  0x1,
    0x35, 0x23,  0x7,  0x1,  0xe,  0x1,  0x5, 0x54, 0x52,  0x8,
     0x9, 0x20, 0x30,  0x6,  0x8, 0x73,  0x8,  0x4,  0x2, 0x9e,
    0x52,  0x3, 0xed,  0xa, 0x7d,  0x1, 0xfc,  0x2,  0xb, 0xfe,
    0xaa,  0xb, 0x53,  0x1,  0x2, 0x91,  0x9,  0xc,  0xa, 0x57,
    0x48,  0x4, 0x43, 0x11, 0xb2, 0xb2,  0x0,  0x0,  0x0,  0x1,
     0x0,  0x1, 0xff, 0x9c,  0x1, 0x88,  0x2, 0x1a,  0x0, 0x1c,
     0x0,  0x0, 0x25, 0x14,  0x6, 0x23, 0x22, 0x26, 0x27, 0x37,
    0x16, 0x32, 0x36, 0x34, 0x26, 0x2f,  0x1, 0x13, 0x3f,  0x1,
    0x3e,  0x1, 0x3f,  0x1,  0xf,  0x1, 0x26, 0x23,  0x7, 0x1e,
     0x1,  0x1, 0x7f, 0xc1, 0x6d, 0x28, 0x24,  0x4,  0xd, 0x27,
    0x70, 0x56, 0x54, 0x69,  0x9, 0x14,  0x8, 0xc1, 0x1d, 0x1a,
     0x8, 0x37, 0x1a,  0xd, 0x5b, 0x6c,  0x8, 0x78, 0x75, 0x82,
    0x57, 0x8f, 0x2d, 0x39,  0xe,  0xd, 0x36, 0x51, 0x2d,  0xf,
     0xb,  0x1,  0xe,  0x8,  0x7,  0x2, 0x10, 0x16,  0x4, 0x93,
     0xd,  0x8, 0x59, 0x18, 0x4c,  0x0,  0x0,  0x0,  0x0,  0x2,
     0x0, 0x1c, 0xff, 0xf4,  0x1, 0xb7,  0x2, 0x56,  0x0, 0x1b,
     0x0, 0x25,  0x0,  0x0, 0x25, 0x14,  0x6, 0x22, 0x26, 0x35,
    0x34, 0x3e,  0x2, 0x37, 0x36, 0x3f,  0x1, 0x1f,  0x1,  0xe,
     0x3,  0x7, 0x17, 0x36, 0x37, 0x36, 0x37, 0x32, 0x16,  0x6,
    0x26, 0x22,  0x7,  0x6, 0x15, 0x14, 0x16, 0x32, 0x36,  0x1,
    0xb7, 0x77, 0xba, 0x6a, 0x26, 0x3d, 0x4b, 0x25, 0x52, 0x23,
    0x13,  0xa, 0x14, 0x12, 0x4b, 0x36, 0x3d, 0x11,  0x5,  0x3,
    0x10, 0x2f, 0x13, 0x4e, 0x5b, 0x77, 0x30, 0x51, 0x27,  0x2,
    0x2f, 0x51, 0x2a, 0xbf, 0x59, 0x72, 0x78, 0x60, 0x3e, 0x6e,
    0x4d, 0x41, 0x14, 0x2c,  0xa,  0x6,  0x5, 0x37,  0x5, 0x2b,
    0x2c, 0x4a, 0x2a,  0x6,  0x1,  0x9, 0x18,  0x3, 0x63, 0x31,
    0x3c, 0x1c, 0x1c,  0xe, 0x3f, 0x47, 0x32,  0x0,  0x0,  0x1,
     0x0, 0x19, 0xff, 0x9c,  0x1, 0xac,  0x1, 0xf6,  0x0, 0x12,
     0x0,  0x0, 0x13, 0x33, 0x17,  0x6,  0xf,  0x1, 0x23, 0x2f,
     0x1, 0x13,  0x7,  0xe,  0x1,  0xf,  0x1, 0x36, 0x3f,  0x1,
    0x16, 0xac, 0xd9, 0x27, 0x6d, 0x57, 0x1f, 0x11, 0x5b,  0xb,
    0xe0, 0x86, 0x2f, 0x1f,  0x9, 0x3c,  0xe,  0x5,  0x6, 0x3c,
     0x1, 0xf2, 0x30, 0xe2, 0xd3, 0x71, 0x1b, 0x19,  0x1, 0xba,
     0x8,  0x4, 0x20, 0x34,  0x6, 0x72, 0x5b,  0x5,  0x4,  0x0,
     0x0,  0x3,  0x0, 0x26, 0xff, 0xf4,  0x1, 0xb7,  0x2, 0x56,
     0x0, 0x12,  0x0, 0x1c,  0x0, 0x25,  0x0,  0x0, 0x37, 0x34,
    0x37, 0x26, 0x35, 0x34, 0x36, 0x32, 0x16, 0x15, 0x14,  0x7,
    0x1e,  0x1, 0x15, 0x14,  0x6, 0x22, 0x26, 0x36, 0x16, 0x32,
    0x36, 0x34, 0x2e,  0x1, 0x27,  0x6, 0x15, 0x12,  0x6, 0x14,
    0x1e,  0x1, 0x17, 0x36, 0x34, 0x26, 0x26, 0x70, 0x63, 0x73,
    0x9d, 0x66, 0x5a, 0x30, 0x38, 0x7b, 0xab, 0x6b, 0x6d, 0x35,
    0x4d, 0x2f, 0x36, 0x3e,  0x4, 0x39, 0x3c, 0x27, 0x22, 0x23,
    0x26, 0x27, 0x2a, 0x82, 0x62, 0x32, 0x3e, 0x59, 0x45, 0x64,
    0x4e, 0x3e, 0x58, 0x2f, 0x1c, 0x46, 0x33, 0x4f, 0x6b, 0x4e,
    0x33, 0x37, 0x2c, 0x42, 0x2b, 0x1e,  0x2, 0x23, 0x38,  0x1,
    0x6b, 0x26, 0x33, 0x26, 0x14, 0x13, 0x21, 0x59, 0x2c,  0x0,
     0x0,  0x2,  0x0, 0x18, 0xff, 0x9b,  0x1, 0xb4,  0x1, 0xfe,
     0x0, 0x18,  0x0, 0x22,  0x0,  0x0, 0x25,  0x6,  0x7, 0x22,
    0x26, 0x35, 0x34, 0x36, 0x32, 0x16, 0x15, 0x14,  0xe,  0x2,
     0x7,  0x6,  0x7, 0x2f,  0x1, 0x3e,  0x3, 0x37, 0x26, 0x16,
    0x32, 0x37, 0x36, 0x35, 0x34, 0x26, 0x22,  0x6,  0x1, 0x17,
    0x47,  0xf, 0x4e, 0x5b, 0x78, 0xb9, 0x6b, 0x26, 0x3d, 0x4b,
    0x25, 0x4c, 0x3c,  0xa, 0x14, 0x10, 0x4c, 0x37, 0x3c, 0x11,
    0x8b, 0x2f, 0x4e, 0x2a,  0x3, 0x30, 0x50, 0x2a, 0xae, 0x24,
     0x1, 0x62, 0x48, 0x59, 0x72, 0x78, 0x60, 0x3e, 0x6e, 0x4d,
    0x42, 0x14, 0x29, 0x13,  0x6, 0x37,  0x5, 0x2b, 0x2b, 0x4a,
    0x2a, 0x75, 0x3b, 0x1b, 0x15, 0x16, 0x3e, 0x48, 0x32,  0x0,
     0x0,  0x0,  0x0,  0x2,  0x0, 0x27, 0xff, 0xf5,  0x0, 0xc3,
     0x1, 0xa4,  0x0,  0x7,  0x0,  0xf,  0x0,  0x0, 0x16, 0x22,
    0x26, 0x34, 0x36, 0x32, 0x16, 0x14, 0x26, 0x22, 0x26, 0x34,
    0x36, 0x32, 0x16, 0x14, 0x97, 0x4a, 0x26, 0x2c, 0x48, 0x28,
    0x2c, 0x4a, 0x26, 0x2c, 0x48, 0x28,  0xb, 0x29, 0x47, 0x2e,
    0x29, 0x47, 0xe3, 0x29, 0x47, 0x2e, 0x29, 0x47,  0x0,  0x2,
     0x0,  0x4, 0xff, 0x74,  0x0, 0xc3,  0x1, 0xa4,  0x0,  0xc,
     0x0, 0x14,  0x0,  0x0, 0x37, 0x36, 0x32, 0x16, 0x14,  0x6,
     0x7, 0x27, 0x35, 0x3e,  0x1, 0x34, 0x27, 0x36, 0x22, 0x26,
    0x34, 0x36, 0x32, 0x16, 0x14, 0x30, 0x2d, 0x40, 0x25, 0x58,
    0x41, 0x25, 0x20, 0x28, 0x1f, 0x6a, 0x4a, 0x26, 0x2c, 0x48,
    0x28, 0x6c, 0x22, 0x30, 0x5d, 0x68, 0x25, 0x1e, 0x11, 0x16,
    0x3e, 0x46, 0x21, 0xa8, 0x29, 0x47, 0x2e, 0x29, 0x47,  0x0,
     0x0,  0x1,  0x0, 0x1c,  0x0, 0x39,  0x1, 0xaf,  0x1, 0xe1,
     0x0,  0xc,  0x0,  0x0, 0x37, 0x27, 0x37, 0x25, 0x1f,  0x1,
     0x6,  0x7, 0x15,  0x5, 0x17,  0x7, 0x26, 0x24,  0x8,  0x1,
     0x1, 0x70,  0xd, 0x14, 0x40, 0xef,  0x1, 0x2c,  0x4, 0x2a,
    0xc5, 0xd5,  0xd, 0x61, 0x9e,  0x8, 0x4c, 0x18, 0x61,  0x7,
    0x84,  0xf, 0x41, 0x59,  0x0,  0x0,  0x0,  0x2,  0x0, 0x11,
     0x0, 0x76,  0x1, 0xe9,  0x1, 0x92,  0x0,  0x7,  0x0,  0xf,
     0x0,  0x0, 0x25, 0x17,  0x7,  0x5, 0x27, 0x37, 0x16, 0x33,
    0x37, 0x17,  0x7,  0x5, 0x27, 0x37, 0x16, 0x33,  0x1, 0xe2,
     0x7,  0xa, 0xfe, 0x39,  0x7,  0xe, 0x91, 0x59, 0xd9,  0x7,
     0xa, 0xfe, 0x39,  0x7,  0xe, 0x91, 0x59, 0xe0,  0xc, 0x5c,
     0x2,  0xb, 0x5a,  0x1, 0xb8,  0xc, 0x5c,  0x2,  0xb, 0x5a,
     0x1,  0x0,  0x0,  0x0,  0x0,  0x1,  0x0, 0x27,  0x0, 0x39,
     0x1, 0xba,  0x1, 0xe1,  0x0,  0xd,  0x0,  0x0,  0x1, 0x17,
     0x7,  0x5, 0x2f,  0x1, 0x36, 0x37, 0x35, 0x25, 0x27, 0x37,
    0x16, 0x17,  0x1, 0xb2,  0x8,  0x1, 0xfe, 0x90,  0xd, 0x14,
    0x48, 0xe7, 0xfe, 0xd4,  0x4, 0x2a, 0x57, 0x4d,  0x1, 0x45,
     0xd, 0x62, 0x9d,  0x7, 0x4d, 0x1a, 0x5e,  0x7, 0x84, 0x10,
    0x41, 0x28, 0x23,  0x0,  0x0,  0x2,  0x0, 0x31, 0xff, 0xf5,
     0x1, 0x68,  0x2, 0xc1,  0x0, 0x17,  0x0, 0x1f,  0x0,  0x0,
    0x13, 0x34, 0x2f,  0x1, 0x3f,  0x1, 0x1e,  0x1, 0x15, 0x14,
     0x7,  0x6,  0x7,  0x6,  0xf,  0x1, 0x17,  0xf,  0x1, 0x2f,
     0x1, 0x3f,  0x1, 0x36,  0x2,  0x6, 0x22, 0x26, 0x34, 0x36,
    0x32, 0x16, 0xf0, 0xb7,  0x8, 0x25,  0xf, 0x6e, 0x95, 0x28,
    0x16, 0x16, 0x1e, 0x33,  0x3,  0xf,  0x6, 0x58,  0xc, 0x18,
     0x3, 0x6c, 0x34,  0x7, 0x2c, 0x49, 0x27, 0x2d, 0x48, 0x27,
     0x1, 0xf0, 0x5e,  0xa,  0xe, 0x54,  0x7,  0x3, 0x63, 0x48,
    0x3d, 0x28, 0x17, 0x11, 0x16, 0x22,  0x7, 0x53,  0xb, 0x12,
     0x6, 0x7e,  0xe, 0x3f, 0x20, 0xfe, 0x5b, 0x2e, 0x29, 0x47,
    0x2e, 0x29,  0x0,  0x2,  0x0, 0x18, 0xff, 0x20,  0x3, 0x47,
     0x2, 0x82,  0x0, 0x2d,  0x0, 0x38,  0x0,  0x0,  0x5,  0xf,
     0x1, 0x2e,  0x1, 0x35, 0x34, 0x3e,  0x2, 0x33, 0x32, 0x16,
    0x10,  0x6, 0x23, 0x22, 0x26, 0x34, 0x37, 0x27,  0x6,  0x7,
    0x22, 0x26, 0x35, 0x34, 0x36, 0x33, 0x17, 0x3f,  0x1, 0x1f,
     0x1,  0x6,  0x7, 0x17, 0x32, 0x36, 0x35, 0x34, 0x26, 0x20,
     0x6, 0x10, 0x16, 0x13, 0x32, 0x36, 0x37, 0x26, 0x23, 0x22,
     0x6, 0x15, 0x14, 0x16,  0x1, 0xed,  0x1, 0x1f, 0xcd, 0xe8,
    0x47, 0x78, 0xab, 0x5f, 0xa2, 0xc4, 0xb9, 0xa1, 0x15, 0x17,
    0x22,  0x8, 0x53, 0x4e, 0x37, 0x3c, 0x9b, 0x56, 0x57,  0x7,
     0xc, 0x50,  0x8, 0x35, 0x18,  0x6, 0x58, 0x65, 0xa1, 0xfe,
    0xe1, 0xbf, 0xc1, 0x28, 0x15, 0x5c, 0x27, 0x33, 0x25, 0x20,
    0x36,  0xc, 0x9e, 0x10, 0x32,  0x4, 0xde, 0xb1, 0x5a, 0xa9,
    0x7f, 0x4d, 0xb0, 0xfe, 0xe1, 0xbf, 0x16, 0x32, 0x85,  0x1,
    0x97, 0x37, 0x4e, 0x44, 0x7a, 0xd2, 0x12, 0x16,  0x7,  0xe,
    0x11, 0xcc, 0x9e,  0x6, 0x77, 0x61, 0x7e, 0x8e, 0xcf, 0xfe,
    0xc7, 0xc3,  0x1,  0x2, 0x97, 0x66, 0x1d, 0x7c, 0x4a, 0x23,
    0x31,  0x0,  0x0,  0x0,  0x0,  0x2, 0xff, 0xf4, 0xff, 0xf8,
     0x2, 0x7a,  0x2, 0x8d,  0x0, 0x26,  0x0, 0x2c,  0x0,  0x0,
     0x5, 0x26, 0x23, 0x22,  0x7, 0x27, 0x37, 0x3e,  0x1, 0x34,
    0x2f,  0x1, 0x26, 0x22,  0xf,  0x1,  0x6, 0x14, 0x16, 0x3b,
     0x1, 0x17,  0x7, 0x26, 0x23,  0x7, 0x37, 0x3e,  0x1, 0x37,
    0x13, 0x37, 0x17, 0x12, 0x17, 0x1e,  0x1, 0x1f,  0x1, 0x25,
    0x32, 0x37, 0x27, 0x23,  0x7,  0x2, 0x73, 0x4f, 0x29, 0x50,
    0x5c,  0x6,  0x5, 0x31, 0x1c,  0x5, 0x14, 0x1a, 0x68, 0x38,
    0x19,  0x6, 0x14, 0x1a, 0x2b,  0x4,  0x7, 0x52, 0x40, 0x79,
     0x8, 0x18, 0x1d,  0xc, 0xb2, 0x9f,  0xb, 0x5a, 0x35,  0xb,
    0x22, 0x21,  0x4, 0xfe, 0xac, 0x20, 0x2a, 0x3a,  0xe, 0x48,
     0x3,  0x3,  0x8,  0x8, 0x3c,  0x4,  0xe, 0x1d, 0x17, 0x4c,
     0x1,  0x7, 0x4b, 0x15, 0x1b,  0xd,  0x7, 0x3f,  0x6,  0x3,
    0x43,  0x4, 0x1d, 0x21,  0x1, 0xfb, 0x10,  0x5, 0xfe, 0xa5,
    0xa9, 0x24, 0x1e,  0x3,  0x7, 0xe6,  0x4, 0xdc, 0xe0,  0x0,
     0x0,  0x0,  0x0,  0x3,  0x0, 0x24, 0xff, 0xf6,  0x2, 0x50,
     0x2, 0x87,  0x0, 0x1b,  0x0, 0x24,  0x0, 0x30,  0x0,  0x0,
     0x5, 0x27, 0x22,  0x7, 0x37, 0x3e,  0x1, 0x35, 0x13, 0x34,
    0x26, 0x23,  0x7, 0x27, 0x37, 0x16, 0x33, 0x37, 0x32, 0x16,
    0x15, 0x14,  0x7, 0x1e,  0x1, 0x15, 0x14,  0x6, 0x26, 0x16,
    0x32, 0x36, 0x35, 0x34, 0x27,  0xf,  0x1, 0x13, 0x34, 0x23,
    0x22,  0x7,  0x6,  0x7, 0x16, 0x33, 0x36, 0x37, 0x36,  0x1,
    0x4b, 0x94, 0x33, 0x60,  0x8, 0x2b, 0x1e,  0x1,  0xe, 0x13,
    0x22,  0x6,  0x9, 0x68, 0x23, 0x99, 0x68, 0x6c, 0x6b, 0x40,
    0x4d, 0x8f, 0xca, 0x2b, 0x64, 0x36, 0x65, 0x5c,  0x4, 0xaa,
    0x8a,  0xa,  0x3,  0x9,  0x4, 0x4c, 0x13, 0x2b, 0x13,  0x7,
     0xa,  0xa,  0xa, 0x44,  0x8, 0x20, 0x27,  0x1, 0x86, 0x1c,
    0x16,  0x2,  0x8, 0x3d,  0x2,  0x5, 0x4f, 0x4c, 0x61, 0x38,
    0x11, 0x4a, 0x3a, 0x5b, 0x6d, 0x71, 0x1b, 0x35, 0x2f, 0x52,
    0x17,  0x1, 0x91,  0x1, 0x4b, 0x62,  0x4,  0xa, 0xb5,  0x9,
     0xe, 0x32, 0x13,  0x0,  0x0,  0x1,  0x0, 0x1c, 0xff, 0xf4,
     0x2, 0x3f,  0x2, 0x8e,  0x0, 0x1c,  0x0,  0x0, 0x25,  0x6,
    0x20, 0x26, 0x10, 0x36, 0x33, 0x32, 0x1f,  0x1,  0x6,  0xf,
     0x1, 0x36, 0x35, 0x34, 0x26, 0x23, 0x22, 0x15, 0x14, 0x16,
    0x33, 0x32, 0x36, 0x3f,  0x1,  0x6,  0x7,  0x2, 0x21, 0x60,
    0xfe, 0xfa, 0x9f, 0xbe, 0xa0, 0x4f, 0x70,  0x6, 0x14,  0x6,
    0x63,  0x2, 0x35, 0x38, 0x9f, 0x58, 0x4e, 0x36, 0x3c,  0xc,
    0x63, 0x11,  0x3, 0x1c, 0x28, 0xa9,  0x1, 0x33, 0xbe, 0x19,
     0xd, 0x53, 0x6a,  0x7, 0x1b, 0x1a, 0x2b, 0x29, 0xdb, 0x7a,
    0x86, 0x41, 0x49,  0x7, 0x68, 0x53,  0x0,  0x2,  0x0, 0x26,
    0xff, 0xf4,  0x2, 0x99,  0x2, 0x87,  0x0, 0x16,  0x0, 0x23,
     0x0,  0x0,  0x5, 0x26, 0x23, 0x22,  0x7, 0x37, 0x3e,  0x1,
    0x35, 0x13, 0x34, 0x26, 0x23,  0x7, 0x27, 0x37, 0x16, 0x33,
    0x37, 0x32, 0x16, 0x10,  0x6,  0x3, 0x22,  0x6,  0x7,  0x2,
    0x15, 0x14, 0x16, 0x33, 0x32, 0x35, 0x34, 0x26,  0x1, 0x3e,
    0x5e, 0x28, 0x40, 0x52,  0x7, 0x2b, 0x1d,  0x1,  0xd, 0x13,
    0x21,  0x6,  0x8, 0x59, 0x27, 0x9f, 0x98, 0xab, 0xc2, 0xb6,
    0x10,  0xc,  0x1,  0xd, 0x21, 0x32, 0xb2, 0x6b,  0xc,  0xc,
     0xa, 0x44,  0x8, 0x23, 0x2a,  0x1, 0x7b, 0x20, 0x16,  0x2,
     0x9, 0x3e,  0x3,  0x5, 0x9f, 0xfe, 0xd5, 0xc9,  0x2, 0x3c,
     0xa,  0xe, 0xfe, 0xef, 0x75, 0x2b, 0x1c, 0xf1, 0x7f, 0x75,
     0x0,  0x0,  0x0,  0x1,  0x0, 0x24, 0xff, 0xf6,  0x2, 0x2f,
     0x2, 0x8e,  0x0, 0x31,  0x0,  0x0, 0x13, 0x17, 0x37, 0x17,
     0x7, 0x26, 0x22,  0x7,  0x6, 0x14, 0x16, 0x32, 0x3e,  0x2,
    0x3f,  0x1, 0x17,  0x6,  0xf,  0x1, 0x26, 0x23, 0x22,  0x7,
    0x37, 0x3e,  0x1, 0x35, 0x13, 0x34, 0x26, 0x23,  0x7, 0x27,
    0x37, 0x16, 0x20, 0x37, 0x17,  0x6,  0xf,  0x1, 0x36, 0x35,
    0x34, 0x26, 0x22,  0x6,  0x7, 0xfd, 0x5d, 0x74,  0x8,  0xe,
    0x50, 0x4b, 0x33,  0x3, 0x15, 0x5c, 0x34, 0x24,  0xd,  0x6,
    0x55,  0x7, 0x12,  0xa,  0x9, 0xbc, 0x52, 0x7a, 0x5e,  0x8,
    0x29, 0x1f,  0x1,  0xd, 0x14, 0x1e,  0x7,  0x8, 0x6e,  0x1,
    0x20, 0x5b,  0x8, 0x12,  0x5, 0x5c,  0x2, 0x2a, 0x77, 0x11,
     0x1,  0x1, 0x72,  0x1,  0x8,  0x9, 0x56,  0x3,  0x6, 0x6d,
    0x47, 0x14,  0x7, 0x1a, 0x29, 0x28,  0x7,  0xa, 0x5a, 0x60,
     0xb,  0x7,  0xa, 0x44,  0x6, 0x25, 0x2b,  0x1, 0x7b, 0x21,
    0x15,  0x2,  0x9, 0x3d,  0x3,  0xc,  0xb, 0x59, 0x5d,  0x6,
    0x1a,  0xe, 0x29, 0x16,  0xb, 0x16,  0x0,  0x0,  0x0,  0x1,
     0x0, 0x24, 0xff, 0xf5,  0x2, 0x10,  0x2, 0x8e,  0x0, 0x2b,
     0x0,  0x0,  0x5, 0x26, 0x23, 0x22,  0x7, 0x37, 0x3e,  0x1,
    0x35, 0x13, 0x34, 0x26, 0x23,  0x7, 0x27, 0x37, 0x16, 0x20,
    0x37, 0x17,  0x6,  0xf,  0x1, 0x36, 0x35, 0x34, 0x26, 0x22,
     0x6,  0xf,  0x1, 0x17, 0x37, 0x17,  0x7, 0x26, 0x22,  0xf,
     0x1, 0x14, 0x16, 0x33, 0x37, 0x17,  0x1, 0x61, 0x69, 0x2a,
    0x43, 0x67,  0x8, 0x2a, 0x1e,  0x1,  0xd, 0x14, 0x1e,  0x7,
     0x8, 0x6e,  0x1,  0xd, 0x57,  0x7,  0xf,  0x5, 0x5b,  0x2,
    0x25, 0x68, 0x11,  0x1,  0x7, 0x5d, 0x69,  0x8,  0xe, 0x4a,
    0x51, 0x28,  0x3, 0x11, 0x1a, 0x41,  0x9,  0x4,  0x4,  0xb,
    0x44,  0x8, 0x24, 0x2b,  0x1, 0x7b, 0x21, 0x15,  0x2,  0x9,
    0x3d,  0x3,  0xc,  0xb, 0x5b, 0x5c,  0x6, 0x1c,  0xd, 0x29,
    0x16,  0xb, 0x16, 0xac,  0x1,  0x8,  0x9, 0x56,  0x3,  0x7,
    0x77, 0x26, 0x1a,  0x5,  0xa,  0x0,  0x0,  0x0,  0x0,  0x1,
     0x0, 0x1c, 0xff, 0xf4,  0x2, 0x5d,  0x2, 0x8e,  0x0, 0x29,
     0x0,  0x0,  0x1, 0x17, 0x32, 0x35, 0x17,  0xe,  0x1, 0x14,
    0x17,  0x7,  0xe,  0x1, 0x23, 0x22, 0x26, 0x10, 0x36, 0x33,
    0x32, 0x1f,  0x1,  0x6,  0xf,  0x1, 0x36, 0x34, 0x26, 0x23,
    0x22,  0x6, 0x14, 0x16, 0x33, 0x32, 0x36, 0x37, 0x35, 0x34,
    0x26, 0x2b,  0x1, 0x27,  0x1, 0x65, 0x8b, 0x66,  0x7, 0x1a,
     0xf,  0x7,  0x9, 0x2a, 0x82, 0x40, 0x8a, 0xa0, 0xbe, 0xa6,
    0x53, 0x73,  0x7, 0x14,  0x6, 0x63,  0x3, 0x31, 0x3a, 0x5a,
    0x57, 0x58, 0x50, 0x1a, 0x30, 0x16, 0x11, 0x1b, 0x33,  0x6,
     0x1, 0x49,  0x2,  0x5, 0x27, 0x11, 0x3e, 0x92, 0x1b,  0xd,
    0x11, 0x17, 0xa9,  0x1, 0x36, 0xbb, 0x19,  0xd, 0x50, 0x68,
     0x6, 0x19, 0x47, 0x23, 0x6c, 0xea, 0x85,  0xd,  0xd, 0x5d,
    0x1d, 0x13,  0x8,  0x0,  0x0,  0x0,  0x0,  0x1,  0x0, 0x25,
    0xff, 0xf7,  0x2, 0xc8,  0x2, 0x89,  0x0, 0x42,  0x0,  0x0,
    0x25, 0x14, 0x16, 0x33, 0x37, 0x17,  0x7, 0x26, 0x23,  0x7,
    0x37, 0x3e,  0x1, 0x3d,  0x1, 0x26, 0x23,  0xf,  0x1, 0x14,
    0x16, 0x33, 0x37, 0x17,  0x7, 0x26, 0x22,  0x7,  0x6, 0x15,
    0x37, 0x3e,  0x1, 0x35, 0x13, 0x34, 0x26, 0x23,  0x7, 0x27,
    0x37, 0x16, 0x33, 0x37,  0x7,  0xe,  0x1,  0xf,  0x1, 0x17,
    0x32, 0x37, 0x35, 0x34, 0x26, 0x23,  0x7, 0x27, 0x37, 0x16,
    0x33, 0x37,  0x7,  0xe,  0x1,  0x7,  0x6,  0x2, 0x75, 0x12,
    0x18, 0x24,  0x5,  0x9, 0x53, 0x3f, 0x8b,  0x8, 0x2a, 0x1e,
    0x48, 0x24, 0x8c,  0x2,  0xf, 0x17, 0x24,  0x5,  0x9, 0x54,
    0x43, 0x26, 0x5c,  0x7, 0x2c, 0x1c,  0x1,  0xe, 0x16, 0x1f,
     0x5,  0x8, 0x4f, 0x28, 0x97,  0x5, 0x26, 0x14,  0x2,  0x6,
    0x80, 0x3e, 0x38,  0xe, 0x16, 0x1f,  0x5,  0x8, 0x55, 0x2b,
    0x93,  0x6, 0x25, 0x17,  0x2,  0xc, 0x85, 0x27, 0x1c,  0x3,
     0x8, 0x40,  0x3,  0x2, 0x42,  0x1, 0x25, 0x36, 0x7f,  0x1,
     0xa, 0x8d, 0x29, 0x1b,  0x3,  0x7, 0x40,  0x3,  0x2,  0x3,
     0x4, 0x41,  0x9, 0x21, 0x2a,  0x1, 0x81, 0x1f, 0x15,  0x1,
     0x8, 0x3b,  0x1,  0x7, 0x43,  0x6, 0x19, 0x28, 0x8f,  0x2,
     0x7, 0x98, 0x1f, 0x15,  0x1,  0x8, 0x3b,  0x1,  0x7, 0x42,
     0x5, 0x15, 0x1d, 0xe6,  0x0,  0x0,  0x0,  0x1,  0x0, 0x24,
    0xff, 0xf7,  0x1, 0x4e,  0x2, 0x89,  0x0, 0x1c,  0x0,  0x0,
    0x13, 0x17, 0x37,  0x7,  0xe,  0x1,  0x7,  0x6, 0x15, 0x14,
    0x16, 0x33, 0x37, 0x17,  0x7, 0x26, 0x23, 0x22,  0x7, 0x37,
    0x3e,  0x1, 0x35, 0x13, 0x34, 0x26, 0x23,  0x7, 0x27, 0x30,
    0x8c, 0x8e,  0x6, 0x26, 0x18,  0x2,  0xc,  0xf, 0x17, 0x2b,
     0x5,  0x9, 0x68, 0x23, 0x45, 0x51,  0x7, 0x2c, 0x1d,  0x1,
     0xe, 0x16, 0x23,  0x5,  0x2, 0x83,  0x1,  0x7, 0x43,  0x5,
    0x15, 0x1c, 0xcf, 0xbc, 0x29, 0x1b,  0x3,  0x7, 0x40,  0x3,
     0x9, 0x41,  0x9, 0x22, 0x29,  0x1, 0x81, 0x1f, 0x15,  0x1,
     0x8,  0x0,  0x0,  0x1,  0x0,  0xa, 0xff, 0x66,  0x1, 0x34,
     0x2, 0x8a,  0x0, 0x16,  0x0,  0x0, 0x37, 0x11, 0x34, 0x26,
    0x23,  0x7, 0x27, 0x37, 0x33, 0x37,  0x7,  0xe,  0x1,  0x7,
     0x6, 0x15,  0xe,  0x1,  0x7, 0x27, 0x37, 0x3e,  0x1, 0x6b,
     0xd, 0x16, 0x29,  0x6,  0x8, 0x7c, 0x97,  0x6, 0x20, 0x12,
     0x2,  0xc,  0x1, 0x5f, 0x68, 0x1c,  0x2, 0x39, 0x26, 0x7b,
     0x1, 0x92, 0x20, 0x14,  0x3,  0x8, 0x3c,  0x8, 0x44,  0x6,
    0x13, 0x1d, 0xda, 0xd1, 0x63, 0x7a, 0x22, 0x29,  0xb, 0x29,
    0x5b,  0x0,  0x0,  0x2,  0x0, 0x25, 0xff, 0xf1,  0x2, 0x8e,
     0x2, 0x89,  0x0, 0x1b,  0x0, 0x37,  0x0,  0x0,  0x1,  0x2,
    0x14, 0x16, 0x33, 0x37, 0x17,  0x7, 0x26, 0x23,  0x7, 0x37,
    0x3e,  0x1, 0x35, 0x13, 0x34, 0x26, 0x23,  0x7, 0x27, 0x37,
    0x16, 0x33, 0x37,  0x7,  0xe,  0x1, 0x17, 0x34, 0x2f,  0x1,
    0x37, 0x16, 0x33, 0x37, 0x17,  0x7,  0xe,  0x1,  0xf,  0x1,
    0x17, 0x1e,  0x1, 0x1f,  0x1,  0x7,  0x6, 0x23, 0x22, 0x2f,
     0x1, 0x3f,  0x1, 0x36,  0x1,  0x1,  0x9,  0xe, 0x18, 0x27,
     0x4,  0x9, 0x65, 0x2b, 0x8b,  0x9, 0x2b, 0x1b,  0x1,  0xe,
    0x16, 0x1f,  0x5,  0x8, 0x6a, 0x1d, 0x8a,  0x6, 0x25, 0x19,
    0xb9, 0x35,  0x3,  0x8, 0x54, 0x29, 0x75,  0x7,  0x8, 0x1f,
    0x39, 0x2b, 0x67, 0x84, 0x1e, 0x33, 0x21,  0x6,  0x8, 0x63,
    0x12, 0x3b, 0x34, 0x97,  0x3, 0x93, 0x1a,  0x2,  0xc, 0xfe,
    0x74, 0x26, 0x19,  0x3,  0x7, 0x40,  0x3,  0x3, 0x40,  0x7,
    0x1e, 0x2a,  0x1, 0x81, 0x1f, 0x15,  0x1,  0x8, 0x3c,  0x2,
     0x7, 0x43,  0x8, 0x16,  0x5, 0x1c,  0x3,  0x7, 0x3e,  0x5,
     0x4,  0xb, 0x39,  0xd, 0x31, 0x34, 0x74, 0xca, 0x2d, 0x28,
     0x2,  0x9, 0x35,  0xc, 0x54, 0xf7, 0x16, 0xa0, 0x1a,  0x0,
     0x0,  0x0,  0x0,  0x1,  0x0, 0x2a, 0xff, 0xf6,  0x2, 0x12,
     0x2, 0x89,  0x0, 0x21,  0x0,  0x0, 0x13, 0x17, 0x37,  0x7,
     0xe,  0x1,  0x7,  0x6, 0x15, 0x14, 0x16, 0x33, 0x32, 0x36,
    0x3f,  0x1, 0x17,  0x6,  0xf,  0x1, 0x26, 0x23, 0x22,  0x7,
    0x37, 0x3e,  0x1, 0x35, 0x11, 0x34, 0x26, 0x23,  0x7, 0x27,
    0x34, 0x88, 0x9b,  0x8, 0x31, 0x19,  0x2,  0xb, 0x17, 0x27,
    0x47, 0x2f,  0xa, 0x55,  0x7, 0x11,  0xa,  0x9, 0xa3, 0x4f,
    0x76, 0x5c,  0x7, 0x26, 0x1d,  0xe, 0x16, 0x1e,  0x5,  0x2,
    0x83,  0x1,  0x7, 0x47,  0x6, 0x1a, 0x29, 0x95, 0xd9, 0x26,
    0x16, 0x37, 0x61,  0x9,  0xa, 0x6d, 0x76,  0xb,  0x8,  0xa,
    0x44,  0x6, 0x25, 0x2b,  0x1, 0x7d, 0x1f, 0x15,  0x1,  0x8,
     0x0,  0x1,  0x0, 0x1b, 0xff, 0xf0,  0x3, 0x30,  0x2, 0x88,
     0x0, 0x3c,  0x0,  0x0,  0x1, 0x17, 0x32, 0x37, 0x17,  0x7,
     0xe,  0x1, 0x15, 0x14, 0x13, 0x1e,  0x1, 0x33, 0x37, 0x17,
     0x7, 0x26, 0x22,  0x6,  0x7, 0x37, 0x3e,  0x1, 0x35,  0x3,
    0x23,  0x6,  0xf,  0x1,  0x2, 0x27, 0x23,  0x2, 0x15, 0x14,
    0x33, 0x37, 0x17,  0x7, 0x26, 0x23,  0x7, 0x37, 0x3e,  0x1,
    0x37, 0x36, 0x12, 0x34, 0x26, 0x2f,  0x1, 0x37, 0x16, 0x33,
    0x37, 0x16, 0x17, 0x33, 0x36,  0x2, 0x32, 0x61,  0x7, 0x78,
     0x4,  0x6, 0x2b, 0x1e, 0x18,  0x5, 0x14, 0x17, 0x1d,  0x4,
     0x9, 0x3d, 0x40, 0x76,  0x5,  0x8, 0x1d, 0x1a, 0x14,  0x9,
    0x55, 0x43, 0x49, 0x55, 0x44,  0x8, 0x14, 0x20, 0x21,  0x6,
     0xb, 0x56, 0x21, 0x65,  0x7, 0x1e, 0x1b,  0x3,  0x5, 0x23,
    0x1d, 0x2e,  0x5,  0x9, 0x5a, 0x25, 0x6d, 0x38, 0x44,  0x8,
    0x40,  0x2, 0x83,  0x2,  0x7,  0x4, 0x3e,  0x3, 0x16, 0x1c,
    0x5b, 0xfe, 0xe7, 0x36, 0x25,  0x2,  0x6, 0x41,  0x3,  0x6,
     0x2, 0x44,  0x3, 0x17, 0x17,  0x1, 0x50, 0xec, 0xd8,  0x9,
     0x1, 0x10, 0xbd, 0xfe, 0xbd, 0x18, 0x21,  0x2,  0x6, 0x41,
     0x4,  0x8, 0x43,  0x4, 0x1f, 0x25, 0x24,  0x1, 0x59, 0x2e,
    0x12,  0x5,  0x6, 0x3c,  0x5,  0x4, 0xcc, 0xcf, 0xbd,  0x0,
     0x0,  0x0,  0x0,  0x1,  0x0, 0x22, 0xff, 0xe5,  0x2, 0xc7,
     0x2, 0x87,  0x0, 0x2b,  0x0,  0x0,  0x1,  0x7, 0x27, 0x37,
    0x16, 0x33, 0x37,  0x7,  0xe,  0x1,  0x7,  0x3,  0x7, 0x26,
    0x27, 0x23,  0x3, 0x14, 0x16, 0x33, 0x37, 0x17,  0x7, 0x26,
    0x23, 0x22,  0x7, 0x37, 0x36, 0x37, 0x13, 0x34, 0x26, 0x2f,
     0x1, 0x37, 0x16, 0x33, 0x37, 0x16, 0x17, 0x33,  0x3, 0x26,
     0x1, 0xef, 0x22,  0x4,  0x7, 0x55, 0x2c, 0x76,  0x5, 0x21,
    0x1d,  0x1,  0xd, 0x6a, 0x94, 0x8f,  0xa,  0x1,  0xf, 0x13,
    0x2b,  0x6,  0xa, 0x56, 0x21, 0x39, 0x4c,  0x8, 0x3a,  0x1,
     0xd, 0x20, 0x31,  0x8,  0x7, 0x43, 0x31, 0x60, 0x83, 0x88,
     0xa,  0x2,  0x1,  0x2, 0x41,  0x1,  0x8, 0x3e,  0x4,  0x5,
    0x43,  0x5, 0x1c, 0x1e, 0xfd, 0xed,  0xd, 0xed, 0xcf, 0xfe,
    0xcc, 0x19, 0x14,  0x3,  0x7, 0x40,  0x4,  0x8, 0x43,  0x7,
    0x38,  0x1, 0x8b, 0x20, 0x19,  0x5,  0xa, 0x3a,  0x5,  0x4,
    0xd5, 0xc6,  0x1, 0x2b, 0x2b,  0x0,  0x0,  0x2,  0x0, 0x1c,
    0xff, 0xf4,  0x2, 0x86,  0x2, 0x8e,  0x0,  0x7,  0x0,  0xf,
     0x0,  0x0, 0x36, 0x16, 0x32, 0x36, 0x34, 0x26, 0x22,  0x6,
     0x0,  0x6, 0x20, 0x26, 0x10, 0x36, 0x20, 0x16, 0xb7, 0x52,
    0x92, 0x4f, 0x54, 0x93, 0x4c,  0x1, 0xcf, 0xb6, 0xfe, 0xe6,
    0x9a, 0xb4,  0x1, 0x1c, 0x9a, 0xd5, 0x8a, 0x6f, 0xea, 0x89,
    0x6f, 0xfe, 0xf8, 0xc2, 0xaa,  0x1, 0x30, 0xc0, 0xa6,  0x0,
     0x0,  0x2,  0x0, 0x27, 0xff, 0xf8,  0x2, 0x3d,  0x2, 0x87,
     0x0, 0x20,  0x0, 0x2a,  0x0,  0x0, 0x13, 0x17, 0x37, 0x32,
    0x17, 0x16, 0x15, 0x14,  0x6, 0x2b,  0x1,  0x7, 0x14, 0x16,
    0x33, 0x37, 0x17,  0x7, 0x26, 0x22,  0x7,  0x6,  0x7, 0x37,
    0x3e,  0x1, 0x35, 0x13, 0x34, 0x26, 0x23,  0x7, 0x27,  0x5,
    0x34, 0x26, 0x23, 0x22,  0x7,  0x6,  0x7, 0x17, 0x36, 0x35,
    0x7e, 0x98, 0xba, 0x2c,  0xc, 0x90, 0x5f, 0x55,  0x1, 0x10,
    0x1e, 0x2c,  0x4,  0xa, 0x58, 0x3d, 0x29, 0x66,  0x1,  0x8,
    0x29, 0x1c,  0x1,  0xd, 0x13, 0x23,  0x5,  0x1, 0x81, 0x46,
    0x4d,  0xe,  0x3,  0x8,  0x7, 0x58, 0x5b,  0x2, 0x83,  0x1,
     0x5, 0x79, 0x21, 0x27, 0x5a, 0x89, 0x4a, 0x38, 0x20,  0x3,
     0x6, 0x41,  0x3,  0x2,  0x5,  0x1, 0x44,  0x7, 0x22, 0x2a,
     0x1, 0x7c, 0x20, 0x16,  0x2,  0x8, 0x8f, 0x3f, 0x3a,  0x3,
     0x5, 0xed,  0xc, 0x13,  0x0,  0x0,  0x0,  0x2,  0x0, 0x1c,
    0xff, 0x1c,  0x3, 0x30,  0x2, 0x8e,  0x0, 0x15,  0x0, 0x1d,
     0x0,  0x0, 0x16, 0x26, 0x10, 0x36, 0x20, 0x16, 0x15, 0x14,
     0x6,  0x7, 0x15, 0x16, 0x33, 0x32, 0x37, 0x1f,  0x1,  0x6,
    0x23, 0x22, 0x26, 0x27, 0x26, 0x16, 0x32, 0x36, 0x34, 0x26,
    0x22,  0x6, 0xb6, 0x9a, 0xb4,  0x1, 0x1c, 0x9a, 0x6e, 0x5c,
    0xa1, 0x6b, 0x29, 0x2c,  0x8,  0xb, 0x6a, 0x1c, 0x43, 0x86,
    0xa6, 0x84, 0x52, 0x92, 0x4f, 0x54, 0x93, 0x4c,  0xc, 0xaa,
     0x1, 0x30, 0xc0, 0xa6, 0x93, 0x72, 0xaf, 0x25,  0x9, 0x70,
     0xa,  0x7, 0x2a, 0x53, 0x4f, 0x89, 0xe1, 0x8a, 0x6f, 0xea,
    0x89, 0x6f,  0x0,  0x2,  0x0, 0x24, 0xff, 0xf0,  0x2, 0x80,
     0x2, 0x87,  0x0, 0x26,  0x0, 0x2f,  0x0,  0x0,  0x1, 0x14,
     0x7, 0x17, 0x1e,  0x1, 0x33, 0x17,  0xf,  0x1, 0x22, 0x2f,
     0x1, 0x23,  0x7, 0x14, 0x16, 0x1f,  0x1,  0x7, 0x34, 0x23,
     0x7, 0x37, 0x3e,  0x1, 0x35, 0x13, 0x34, 0x26, 0x23,  0x7,
    0x27, 0x37, 0x16, 0x33, 0x37, 0x32, 0x16,  0x7, 0x34, 0x23,
    0x22,  0x7,  0x6,  0x7, 0x17, 0x36,  0x2, 0x39, 0x86, 0x57,
    0x1c, 0x34, 0x1f,  0x7,  0x7, 0x77, 0x42, 0x2b, 0x56, 0x46,
     0x1, 0x17, 0x30,  0x4,  0xa, 0x86, 0x8f,  0x9, 0x2a, 0x1d,
     0x1,  0xd, 0x13, 0x23,  0x5,  0x8, 0x57, 0x27, 0x99, 0x73,
    0x7a, 0x8e, 0x95,  0xa,  0x4,  0x8,  0x4, 0x5a, 0x55,  0x1,
    0xdb, 0x79, 0x46, 0x8c, 0x2e, 0x29,  0x9, 0x35,  0xb, 0x5d,
    0xae, 0x6e, 0x32, 0x1a,  0x1,  0x6, 0x3e,  0x3,  0x5, 0x43,
     0x6, 0x21, 0x2b,  0x1, 0x81, 0x1d, 0x14,  0x2,  0x8, 0x3d,
     0x2,  0x5, 0x59, 0x66, 0x6c,  0x4,  0x9, 0xd2,  0xa, 0x24,
     0x0,  0x1,  0x0, 0x24, 0xff, 0xf4,  0x1, 0xf3,  0x2, 0x8e,
     0x0, 0x31,  0x0,  0x0, 0x17, 0x22, 0x26, 0x2f,  0x1, 0x36,
    0x3f,  0x1, 0x14, 0x16, 0x32, 0x36, 0x35, 0x34, 0x2e,  0x3,
    0x27, 0x2e,  0x1, 0x35, 0x34, 0x36, 0x33, 0x32, 0x1f,  0x2,
     0x6,  0xf,  0x1, 0x27, 0x36, 0x35, 0x34, 0x26, 0x22,  0x6,
    0x15, 0x14, 0x17, 0x1e,  0x2, 0x17, 0x16, 0x15, 0x14,  0x6,
    0xdc, 0x2f, 0x58, 0x29,  0x8,  0xf,  0x1, 0x54, 0x2e, 0x6f,
    0x39, 0x1b,  0xe, 0x24, 0x10, 0x18, 0x66, 0x57, 0x96, 0x75,
    0x55, 0x42, 0x15,  0x7, 0x11,  0x7, 0x4c,  0x9,  0x1, 0x2d,
    0x5d, 0x36, 0x50, 0x11, 0x4c, 0x2e, 0x1f, 0x3b, 0x98,  0xc,
    0x13, 0x13,  0xe, 0x58, 0x52,  0x7, 0x52, 0x3a, 0x2a, 0x23,
    0x19, 0x1b,  0xd, 0x14,  0x8,  0xb, 0x32, 0x52, 0x40, 0x58,
    0x70, 0x14,  0x7,  0xd, 0x51, 0x5b,  0x6,  0x7, 0x10, 0x13,
    0x2c, 0x25, 0x28, 0x1f, 0x30, 0x28,  0x8, 0x24, 0x1a, 0x18,
    0x2d, 0x47, 0x5c, 0x6e,  0x0,  0x1,  0x0,  0x5, 0xff, 0xfa,
     0x2, 0x33,  0x2, 0x8d,  0x0, 0x21,  0x0,  0x0, 0x37, 0x11,
     0xe,  0x3,  0xf,  0x1, 0x36, 0x3f,  0x1, 0x17, 0x21, 0x37,
    0x1f,  0x1,  0x7, 0x2e,  0x1, 0x27,  0x6, 0x11, 0x14, 0x16,
    0x33, 0x37, 0x17,  0x7, 0x26, 0x23,  0x7, 0x37, 0x3e,  0x1,
    0xd8, 0x2b, 0x2a, 0x1c,  0x8,  0x6, 0x54,  0x9,  0x2,  0xb,
    0x65,  0x1, 0x37, 0x67,  0xb,  0xa, 0x54,  0xb, 0x23, 0x4b,
     0xb, 0x19, 0x1e, 0x35,  0x4,  0x9, 0x7a, 0x34, 0xa8,  0x8,
    0x42, 0x22, 0xa5,  0x1, 0x8e,  0x1,  0x7, 0x21, 0x29, 0x30,
     0x6, 0x75, 0x62,  0xb,  0xb,  0xb,  0xb, 0xd1,  0x6, 0x5d,
    0x29,  0x2, 0xa3, 0xfe, 0xf7, 0x25, 0x1f,  0x3,  0x5, 0x45,
     0x4,  0x6, 0x42,  0x6, 0x23,  0x0,  0x0,  0x1,  0x0, 0x12,
    0xff, 0xf4,  0x2, 0x7e,  0x2, 0x88,  0x0, 0x27,  0x0,  0x0,
    0x25, 0x32, 0x35,  0x3, 0x2e,  0x1, 0x23,  0x7, 0x27, 0x37,
    0x16, 0x33, 0x37,  0x7,  0xe,  0x1, 0x15, 0x11, 0x14,  0x6,
    0x23, 0x22, 0x35, 0x11, 0x34, 0x26, 0x23,  0x7, 0x27, 0x37,
    0x16, 0x33, 0x37,  0x7,  0xe,  0x1,  0x7,  0x3, 0x14, 0x16,
     0x1, 0x57, 0x7a,  0x4,  0x1,  0xc, 0x13, 0x21,  0x2,  0x8,
    0x4f, 0x26, 0x77,  0x6, 0x25, 0x15, 0x85, 0x7d, 0xe8,  0xc,
    0x14, 0x20,  0x2,  0x9, 0x56, 0x39, 0x77,  0x7, 0x1f, 0x17,
     0x2,  0x7, 0x40, 0x4f, 0x82,  0x1, 0x3a, 0x21, 0x15,  0x2,
     0x4, 0x42,  0x3,  0x6, 0x43,  0x8, 0x12, 0x18, 0xfe, 0xc9,
    0x71, 0x77, 0xd8,  0x1, 0x3f, 0x21, 0x15,  0x2,  0x4, 0x42,
     0x3,  0x6, 0x44,  0x4, 0x16, 0x1b, 0xfe, 0xdd, 0x4b, 0x52,
     0x0,  0x1, 0xff, 0xf9, 0xff, 0xf1,  0x2, 0x74,  0x2, 0x8a,
     0x0, 0x23,  0x0,  0x0, 0x11, 0x16, 0x33, 0x32, 0x37, 0x17,
     0x7,  0xe,  0x1, 0x15, 0x14, 0x13, 0x33, 0x36, 0x12, 0x34,
    0x26, 0x2b,  0x1, 0x27, 0x37, 0x16, 0x33, 0x37,  0x7,  0xe,
     0x1,  0x7,  0x3,  0x7,  0x2, 0x27, 0x2e,  0x1, 0x2f,  0x1,
    0x53, 0x26, 0x47, 0x68,  0x6,  0x5, 0x32, 0x1b, 0x5b,  0xf,
    0x17, 0x67, 0x17, 0x1c, 0x27,  0x5,  0x7, 0x54, 0x40, 0x74,
     0x7, 0x18, 0x14,  0xa, 0xb8, 0xa5, 0x59, 0x39,  0x9, 0x23,
    0x1f,  0x4,  0x2, 0x84,  0x2,  0x8,  0x8, 0x3d,  0x4,  0xe,
    0x12, 0x1e, 0xfe, 0x80, 0x3b,  0x1, 0x4f, 0x27,  0xe,  0x7,
    0x3e,  0x5,  0x2, 0x42,  0x4, 0x13, 0x1d, 0xfd, 0xf7, 0x14,
     0x1, 0x57, 0xbb, 0x1f, 0x1d,  0x2,  0x7,  0x0,  0x0,  0x0,
     0x0,  0x1, 0xff, 0xfa, 0xff, 0xf1,  0x3, 0xc6,  0x2, 0x8a,
     0x0, 0x3c,  0x0,  0x0, 0x13, 0x16, 0x33, 0x32, 0x37, 0x17,
     0x7,  0xe,  0x1, 0x15, 0x14, 0x13, 0x33, 0x36, 0x13, 0x2e,
     0x2, 0x2f,  0x1, 0x37, 0x16, 0x33, 0x32, 0x37, 0x17,  0x7,
     0xe,  0x1, 0x15, 0x14, 0x13, 0x33, 0x36, 0x12, 0x34, 0x26,
    0x2b,  0x1, 0x27, 0x37, 0x16, 0x33, 0x37,  0x7,  0xe,  0x1,
     0x7,  0x3,  0x7, 0x26,  0x3, 0x23,  0x3,  0x7,  0x2, 0x27,
    0x2e,  0x1, 0x2f,  0x1,  0x1, 0x50, 0x27, 0x4b, 0x5c,  0x5,
     0x5, 0x30, 0x1b, 0x59,  0xd, 0x20, 0x4e,  0x2,  0xb, 0x20,
    0x24,  0x5,  0x8, 0x5b, 0x27, 0x4a, 0x60,  0x5,  0x5, 0x31,
    0x1a, 0x59,  0xd, 0x16, 0x65, 0x16, 0x1c, 0x26,  0x5,  0x8,
    0x52, 0x3d, 0x70,  0x7, 0x17, 0x13,  0xa, 0xb0, 0x9f, 0x10,
    0x46,  0xa, 0x68, 0xa1, 0x55, 0x38,  0x9, 0x22, 0x1d,  0x4,
     0x2, 0x84,  0x2,  0x8,  0x8, 0x3d,  0x5,  0xd, 0x13, 0x27,
    0xfe, 0x8a, 0x56,  0x1, 0x12, 0x14, 0x2e, 0x13,  0x1,  0x7,
    0x3c,  0x2,  0x8,  0x8, 0x3d,  0x5,  0xc, 0x12, 0x1f, 0xfe,
    0x80, 0x3c,  0x1, 0x51, 0x26,  0xc,  0x7, 0x3e,  0x5,  0x2,
    0x42,  0x4, 0x13, 0x1d, 0xfd, 0xf7, 0x14, 0x5c,  0x1,  0x9,
    0xfe, 0xaf, 0x14,  0x1, 0x57, 0xbb, 0x1f, 0x1d,  0x2,  0x7,
     0x0,  0x0,  0x0,  0x1,  0x0,  0x7, 0xff, 0xf9,  0x2, 0xa3,
     0x2, 0x89,  0x0, 0x40,  0x0,  0x0,  0x1, 0x17, 0x37, 0x17,
     0x7,  0xe,  0x1,  0xf,  0x1, 0x17, 0x1e,  0x1, 0x1f,  0x1,
     0x7, 0x26, 0x23,  0x7, 0x27, 0x37, 0x36, 0x35, 0x34, 0x2f,
     0x1,  0x7,  0x6, 0x15, 0x14, 0x1f,  0x1,  0x7, 0x26, 0x23,
     0x7, 0x27, 0x37, 0x36, 0x3f,  0x1, 0x27, 0x2e,  0x1, 0x2f,
     0x1, 0x37, 0x16, 0x33, 0x37, 0x17,  0x7,  0x6, 0x15, 0x14,
    0x17, 0x16, 0x17, 0x3e,  0x1, 0x37, 0x36, 0x35, 0x34, 0x2f,
     0x1,  0x1, 0xa4, 0x84, 0x70,  0x4,  0x5, 0x2d, 0x34, 0x23,
    0x6c, 0x75, 0x1e, 0x3d, 0x29,  0x3,  0x8, 0x58, 0x2a, 0xb4,
     0x5,  0x6, 0x36,  0xf, 0x56, 0x42, 0x23, 0x31,  0x4,  0x6,
    0x5f, 0x23, 0x74,  0x4,  0x6, 0x3a, 0x57, 0x63, 0x6b, 0x1b,
    0x3a, 0x2b,  0x4,  0x8, 0x54, 0x4b, 0x99,  0x5,  0x5, 0x3c,
    0x34,  0xa, 0x1b, 0x10, 0x2e,  0xb, 0x19, 0x31,  0x2,  0x2,
    0x85,  0x3,  0x3,  0x7, 0x3d,  0xf, 0x2c, 0x30, 0x95, 0xa9,
    0x2a, 0x28,  0x2,  0x4, 0x42,  0x3,  0x8,  0x7, 0x3d,  0x3,
    0x19,  0xd, 0x17, 0x7f, 0x5d, 0x31, 0x11, 0x1b,  0x3,  0x7,
    0x3e,  0x7,  0x5,  0xa, 0x3c, 0x15, 0x71, 0x83, 0xa0, 0x28,
    0x24,  0x8,  0x5, 0x40,  0x2,  0x7,  0x9, 0x3a,  0x3, 0x1b,
    0x13, 0x4e,  0xf, 0x28, 0x18, 0x40, 0x12, 0x28,  0xb, 0x16,
     0x3,  0x5,  0x0,  0x1, 0xff, 0xf6, 0xff, 0xf5,  0x2, 0x60,
     0x2, 0x89,  0x0, 0x33,  0x0,  0x0,  0x1, 0x17, 0x37, 0x17,
     0x7,  0xe,  0x1,  0xf,  0x1,  0x6, 0x15, 0x1c,  0x1, 0x16,
    0x33, 0x37, 0x17,  0x7, 0x26, 0x23, 0x22,  0x7, 0x37, 0x3e,
     0x1, 0x3d,  0x1, 0x34, 0x2f,  0x1, 0x2e,  0x1, 0x2f,  0x1,
    0x37, 0x16, 0x33, 0x37, 0x17,  0x7,  0xe,  0x1, 0x14, 0x17,
    0x16, 0x17, 0x33, 0x37, 0x36, 0x34, 0x2f,  0x1,  0x1, 0x71,
    0x85, 0x66,  0x4,  0x7, 0x27, 0x30, 0x22, 0x60, 0x12, 0x13,
    0x1c, 0x32,  0x3,  0x9, 0x73, 0x26, 0x33, 0x75,  0x7, 0x39,
    0x21, 0x1d, 0x62, 0x18, 0x2d, 0x2c,  0x3,  0x8, 0x59, 0x28,
    0xa0,  0x5,  0x5, 0x22, 0x1a, 0x12, 0x28, 0x1b,  0xa, 0x4f,
     0xe, 0x33,  0x2,  0x2, 0x85,  0x4,  0x4,  0x7, 0x3d,  0xd,
    0x35, 0x3e, 0xb3, 0x23, 0x67,  0x3, 0x23, 0x1b,  0x3,  0x5,
    0x45,  0x4,  0xb, 0x45,  0x7, 0x24, 0x33, 0x1e, 0x2f, 0x37,
    0xbf, 0x30, 0x2b,  0x9,  0x5, 0x40,  0x3,  0x8,  0x9, 0x3a,
     0x1,  0xe, 0x19, 0x2c, 0x63, 0x35, 0xa5, 0x1c, 0x28,  0x3,
     0x5,  0x0,  0x0,  0x1,  0x0, 0x13, 0xff, 0xfb,  0x2, 0x2f,
     0x2, 0x8e,  0x0, 0x18,  0x0,  0x0, 0x25,  0x7, 0x25,  0x7,
    0x27,  0x1,  0x7,  0xe,  0x1,  0xf,  0x1, 0x36, 0x3f,  0x1,
    0x17,  0x5, 0x17,  0x6,  0x3, 0x37, 0x3e,  0x1, 0x3f,  0x1,
     0x6,  0x2, 0x13, 0x11, 0xfe, 0x75, 0x4b, 0x19,  0x1, 0x5f,
    0x7f, 0x40, 0x2e,  0x5, 0x55,  0xe,  0x3,  0xa, 0xb2,  0x1,
    0x25, 0x12, 0x99, 0xd0, 0x9c, 0x32, 0x37,  0xc, 0x55, 0x15,
    0x10, 0x13,  0x6,  0x8, 0x2d,  0x2, 0x11,  0x8,  0x8, 0x32,
    0x45,  0x6, 0x7c, 0x5c,  0xa,  0xb,  0x3, 0x29, 0xcb, 0xfe,
    0xbd,  0xb,  0x4, 0x49, 0x4d,  0x7, 0x83,  0x0,  0x0,  0x1,
     0x0, 0x51, 0xff, 0x7c,  0x1, 0x2f,  0x2, 0x85,  0x0,  0xb,
     0x0,  0x0,  0x5, 0x27, 0x12, 0x35,  0x3, 0x37, 0x17,  0xf,
     0x1, 0x11, 0x1f,  0x1,  0x1, 0x28, 0xd7,  0xb,  0xb, 0xda,
     0x4,  0x7, 0x68, 0x6b,  0x4, 0x84,  0xb,  0x1, 0x14, 0x64,
     0x1, 0x7b,  0xb,  0x8, 0x39, 0x14, 0xfd, 0xa1, 0x15,  0x9,
     0x0,  0x1,  0x0,  0xc, 0xff, 0x92,  0x1, 0x37,  0x2, 0xa3,
     0x0,  0x9,  0x0,  0x0, 0x13, 0x37, 0x33, 0x12, 0x16, 0x17,
     0x7, 0x23, 0x26, 0x27,  0xc,  0xc, 0x51, 0x88, 0x2a, 0x1c,
     0x9, 0x55, 0x2a, 0x2a,  0x2, 0x94,  0xf, 0xfd, 0xec, 0x93,
    0x5f,  0xb, 0xa0, 0xa5,  0x0,  0x1,  0x0,  0xe, 0xff, 0x7c,
     0x0, 0xec,  0x2, 0x85,  0x0,  0xb,  0x0,  0x0, 0x13, 0x17,
     0x2, 0x15, 0x13,  0x7, 0x27, 0x3f,  0x1, 0x11, 0x2f,  0x1,
    0x15, 0xd7,  0xb,  0xb, 0xda,  0x4,  0x7, 0x68, 0x6b,  0x4,
     0x2, 0x85,  0xb, 0xfe, 0xec, 0x64, 0xfe, 0x85,  0xb,  0x8,
    0x38, 0x15,  0x2, 0x5f, 0x14,  0x9,  0x0,  0x1,  0x0, 0x20,
     0x0, 0x4c,  0x1, 0xc9,  0x1, 0xe2,  0x0,  0xf,  0x0,  0x0,
     0x1, 0x17, 0x16, 0x1f,  0x1,  0x7, 0x27, 0x26, 0x27, 0x23,
     0xf,  0x1, 0x2f,  0x1, 0x36, 0x13,  0x1, 0x1e,  0xd, 0x33,
    0x1f, 0x4c, 0x41, 0x10, 0x46, 0x3f,  0x7, 0x32, 0x46, 0x4d,
     0x7, 0x2a, 0x73,  0x1, 0xe2,  0x8, 0x79, 0x47, 0xa4, 0x2a,
     0x5, 0x9c, 0x90, 0x7c, 0xb4, 0x14,  0xd, 0x63,  0x1,  0xd,
     0x0,  0x1, 0xff, 0xf7, 0xff, 0x4c,  0x1, 0xcf, 0xff, 0xa9,
     0x0,  0x7,  0x0,  0x0, 0x1f,  0x1, 0x32, 0x37, 0x17,  0x7,
     0x5, 0x27,  0x2, 0xf1, 0x30, 0xa4,  0x8,  0xb, 0xfe, 0x3c,
     0x9, 0x5a,  0x1,  0x4,  0xe, 0x4d,  0x2,  0xe,  0x0,  0x0,
     0x0,  0x1,  0x0, 0x41,  0x2,  0xb,  0x1, 0x2c,  0x2, 0xe0,
     0x0,  0x8,  0x0,  0x0, 0x13, 0x27, 0x3f,  0x1, 0x16, 0x17,
     0xf,  0x1, 0x26, 0x42,  0x1, 0x36,  0xd, 0x56, 0x52, 0x1e,
     0xf, 0x4d,  0x2, 0x8b,  0xe, 0x46,  0x1, 0x5a, 0x50, 0x27,
     0x4, 0x3a,  0x0,  0x0,  0x0,  0x2,  0x0, 0x1b, 0xff, 0xf4,
     0x1, 0xe0,  0x1, 0xda,  0x0, 0x22,  0x0, 0x29,  0x0,  0x0,
    0x24, 0x16, 0x32, 0x37, 0x17,  0xe,  0x1,  0x7, 0x22, 0x2f,
     0x1,  0x6, 0x23, 0x22, 0x26, 0x35, 0x34, 0x36, 0x3f,  0x2,
    0x34, 0x26, 0x22,  0x6,  0x7, 0x2f,  0x1, 0x36, 0x33, 0x32,
    0x16, 0x15, 0x14,  0x6, 0x27,  0x6, 0x14, 0x16, 0x32, 0x3f,
     0x1,  0x1, 0x7d, 0x14, 0x26, 0x19, 0x10,  0xe, 0x3e, 0x15,
    0x5c,  0x9,  0x8, 0x4c, 0x22, 0x3a, 0x4f, 0x20, 0x1a, 0xc0,
     0x1, 0x2d, 0x42, 0x3b, 0x20,  0x9, 0x12, 0x89, 0x30, 0x54,
    0x53, 0x14, 0xd3, 0x17, 0x1f, 0x39, 0x26,  0x2, 0x72, 0x16,
    0x11, 0x15, 0x1d, 0x41,  0x6, 0x4d,  0x3, 0x4c, 0x54, 0x3e,
    0x1f, 0x2e,  0x6, 0x2d, 0x17, 0x2b, 0x2f, 0x17, 0x18,  0x5,
    0x3c, 0x4d, 0x4b, 0x3e, 0x10, 0xa6, 0x1b,  0x7, 0x34, 0x22,
    0x1c, 0x5e,  0x0,  0x2, 0xff, 0xfe, 0xff, 0xf6,  0x1, 0xe8,
     0x2, 0xe6,  0x0, 0x14,  0x0, 0x1c,  0x0,  0x0, 0x13,  0x7,
    0x27, 0x3f,  0x1, 0x17,  0x6,  0x3, 0x36, 0x33, 0x32, 0x16,
    0x14,  0x6, 0x23, 0x22, 0x2f,  0x1, 0x11, 0x34, 0x26, 0x13,
    0x16, 0x32, 0x36, 0x34, 0x26, 0x22,  0x7, 0x19, 0x17,  0x4,
     0x5, 0xce,  0x8, 0x13,  0x8, 0x58, 0x14, 0x58, 0x66, 0x8d,
    0x6f, 0x47, 0x58,  0xa, 0x12, 0x88, 0x21, 0x57, 0x35, 0x35,
    0x53, 0x22,  0x2, 0x8d,  0x1,  0x4, 0x36, 0x20, 0x13, 0x16,
    0xfe, 0xd9, 0x41, 0x77, 0xd8, 0x92, 0x10,  0xa,  0x2, 0x45,
    0x20, 0x18, 0xfd, 0xcb,  0xf, 0x49, 0x8d, 0x58, 0x20,  0x0,
     0x0,  0x0,  0x0,  0x1,  0x0, 0x19, 0xff, 0xf4,  0x1, 0x90,
     0x1, 0xda,  0x0, 0x1a,  0x0,  0x0, 0x17, 0x22, 0x26, 0x34,
    0x36, 0x33, 0x32, 0x1f,  0x2,  0x6,  0xf,  0x1, 0x35, 0x34,
    0x23, 0x22, 0x15, 0x14, 0x16, 0x33, 0x32, 0x37, 0x1f,  0x1,
     0xe,  0x1, 0xf6, 0x67, 0x76, 0x89, 0x6b, 0x46, 0x2a,  0xf,
     0x4, 0x11,  0x5, 0x41, 0x3e, 0x5d, 0x38, 0x35, 0x2e, 0x3c,
     0x8, 0x10, 0x24, 0x58,  0xc, 0x7c, 0xdb, 0x8f, 0x10,  0x5,
     0x9, 0x47, 0x54,  0x4, 0x21, 0x47, 0x84, 0x52, 0x56, 0x1d,
     0x3, 0x34, 0x1d, 0x2e,  0x0,  0x0,  0x0,  0x2,  0x0, 0x19,
    0xff, 0xf4,  0x2, 0x1b,  0x2, 0xe6,  0x0, 0x1f,  0x0, 0x29,
     0x0,  0x0, 0x25, 0x32, 0x37, 0x17,  0xe,  0x1,  0x7, 0x22,
    0x2f,  0x1,  0x6, 0x23, 0x22, 0x26, 0x34, 0x36, 0x33, 0x32,
    0x17, 0x35, 0x34, 0x26, 0x23,  0x7, 0x37, 0x36, 0x37, 0x17,
     0x6,  0x2, 0x15, 0x14,  0x3, 0x26, 0x22,  0x6, 0x14, 0x16,
    0x33, 0x32, 0x36, 0x37,  0x1, 0xde, 0x16, 0x17, 0x10, 0x11,
    0x3b, 0x19, 0x59,  0xb,  0x7, 0x60, 0x13, 0x58, 0x67, 0x8f,
    0x6e, 0x20, 0x12, 0x12, 0x18, 0x18,  0x6, 0x49, 0x7f,  0x9,
     0xd, 0x12, 0x76, 0x1d, 0x5b, 0x34, 0x35, 0x2c, 0x10, 0x26,
    0x15, 0x5c, 0x11, 0x15, 0x1f, 0x3d,  0x8, 0x48,  0x2, 0x46,
    0x76, 0xd6, 0x93,  0x2, 0x7e, 0x20, 0x18,  0x3, 0x3d,  0x8,
    0x19, 0x11, 0x13, 0xfe, 0xa2, 0xdf, 0x29,  0x1, 0x16, 0x11,
    0x48, 0x8d, 0x58, 0x10, 0x11,  0x0,  0x0,  0x0,  0x0,  0x2,
     0x0, 0x19, 0xff, 0xf4,  0x1, 0xaf,  0x1, 0xda,  0x0,  0x8,
     0x0, 0x1f,  0x0,  0x0,  0x1, 0x34, 0x23, 0x22,  0x6,  0x7,
    0x37, 0x3e,  0x1,  0x7, 0x15, 0x1e,  0x1, 0x33, 0x32, 0x36,
    0x37, 0x1f,  0x1,  0xe,  0x1, 0x23, 0x22, 0x26, 0x34, 0x36,
    0x33, 0x32, 0x15, 0x14,  0xf,  0x1,  0x1, 0x34, 0x3f, 0x27,
    0x2f,  0x4, 0x86,  0xb,  0x8, 0x99,  0x3, 0x42, 0x38, 0x1c,
    0x3c, 0x20,  0x8, 0x10, 0x29, 0x63, 0x20, 0x6a, 0x79, 0x88,
    0x66, 0xa8,  0x7,  0xc,  0x1, 0x40, 0x4a, 0x35, 0x33,  0x7,
     0x2,  0x8, 0x49,  0x9, 0x42, 0x49,  0xf,  0xf,  0x3, 0x33,
    0x1e, 0x2c, 0x7c, 0xd8, 0x92, 0xac, 0x1d, 0x1c,  0xb,  0x0,
     0x0,  0x0,  0x0,  0x1,  0x0, 0x18, 0xff, 0xfa,  0x1, 0xd1,
     0x2, 0xe6,  0x0, 0x27,  0x0,  0x0,  0x1, 0x32, 0x1f,  0x2,
     0x6,  0xf,  0x1, 0x26, 0x22,  0x6,  0xf,  0x1, 0x37, 0x17,
     0x7, 0x26, 0x27,  0x3, 0x14, 0x33, 0x37, 0x17,  0x7, 0x26,
    0x23,  0x7, 0x37, 0x36, 0x3d,  0x1, 0x2e,  0x1, 0x2f,  0x1,
    0x3f,  0x1, 0x35, 0x3e,  0x1,  0x1, 0x59, 0x3f, 0x26,  0xe,
     0x5, 0x12, 0x11,  0xd, 0x2c, 0x71, 0x2b,  0x1,  0x1, 0x80,
     0x4,  0xb, 0x33, 0x47,  0x2, 0x29, 0x3d,  0x3,  0x9, 0x65,
    0x2c, 0x84,  0x7, 0x37,  0x1, 0x1a, 0x26,  0x4,  0x8, 0x3d,
     0x1, 0x88,  0x2, 0xe6, 0x10,  0x5, 0x10, 0x28, 0x31,  0x3,
    0x26, 0x47, 0x54, 0x2e,  0x3,  0x5, 0x44,  0x2,  0x1, 0xfe,
    0xf2, 0x2e,  0x2,  0x5, 0x43,  0x3,  0x6, 0x3e,  0x7, 0x32,
    0xe9, 0x17,  0xf,  0x2,  0x6, 0x34,  0xa,  0x8, 0x81, 0x97,
     0x0,  0x3,  0x0, 0x27, 0xff,  0xe,  0x1, 0xf9,  0x1, 0xf2,
     0x0, 0x2a,  0x0, 0x34,  0x0, 0x3e,  0x0,  0x0, 0x37, 0x22,
    0x27,  0x6, 0x15, 0x14, 0x17, 0x1e,  0x1, 0x15, 0x14,  0x6,
    0x22, 0x26, 0x35, 0x36, 0x37, 0x35, 0x2e,  0x1, 0x35, 0x36,
    0x37, 0x35, 0x26, 0x35, 0x34, 0x36, 0x33, 0x32, 0x16, 0x37,
    0x36, 0x37, 0x17,  0x7,  0x6,  0xf,  0x1, 0x16, 0x15, 0x14,
     0x6, 0x27, 0x32, 0x35, 0x34, 0x26, 0x23, 0x22, 0x15, 0x14,
    0x16,  0x2, 0x16, 0x32, 0x36, 0x35, 0x34, 0x27, 0x26, 0x27,
     0x6, 0xee, 0x19, 0x25, 0x1a, 0x61, 0x86, 0x6b, 0xa3, 0xb8,
    0x61, 0x1a, 0x4a, 0x2f, 0x3a, 0x1a, 0x3a, 0x4b, 0x76, 0x5a,
    0x16, 0x42, 0x12, 0x2a, 0x5f,  0x6,  0xd, 0x24, 0x25,  0x4,
    0x27, 0x7a, 0x4c, 0x4a, 0x2d, 0x25, 0x4b, 0x2c, 0x30, 0x31,
    0x57, 0x44,  0xc, 0x15, 0x86, 0x25, 0x7f,  0x7, 0x11, 0x11,
    0x23,  0x3,  0x4, 0x34, 0x3d, 0x48, 0x73, 0x4d, 0x40, 0x1e,
    0x2b,  0x6,  0x8, 0x37, 0x27, 0x1c, 0x28,  0x7, 0x2a, 0x5f,
    0x4e, 0x69,  0xa,  0x1,  0x2, 0x1e,  0x5, 0x4d,  0x5,  0x1,
     0x6, 0x2a, 0x38, 0x4e, 0x65, 0x44, 0x61, 0x33, 0x38, 0x62,
    0x32, 0x38, 0xfe, 0xba, 0x24, 0x2c, 0x1d, 0x10,  0x9, 0x10,
    0x13, 0x21,  0x0,  0x0,  0x0,  0x1,  0x0,  0x2, 0xff, 0xf8,
     0x2,  0x9,  0x2, 0xe6,  0x0, 0x32,  0x0,  0x0, 0x37, 0x11,
    0x34, 0x26, 0x2b,  0x1, 0x27, 0x3f,  0x1, 0x17,  0x6,  0x3,
    0x3e,  0x1, 0x33, 0x32, 0x16, 0x15, 0x14,  0x6, 0x14, 0x16,
    0x33, 0x37, 0x17,  0x7, 0x26, 0x23,  0x7, 0x37, 0x36, 0x3f,
     0x1, 0x34, 0x23, 0x22,  0x7,  0x6, 0x15, 0x14, 0x16, 0x33,
    0x37, 0x17,  0x7, 0x26, 0x23,  0x7, 0x37, 0x3e,  0x1, 0x48,
    0x12, 0x18, 0x17,  0x5,  0x6, 0xce,  0x7, 0x14,  0x8, 0x1e,
    0x53, 0x14, 0x49, 0x4e, 0x13,  0xe, 0x11, 0x1e,  0x2,  0x9,
    0x46, 0x27, 0x70,  0x6, 0x2d,  0x1,  0x4, 0x40, 0x23, 0x38,
     0x2,  0xe, 0x10, 0x19,  0x2,  0xa, 0x44, 0x29, 0x6f,  0x8,
    0x1b, 0x14, 0x71,  0x1, 0xe4, 0x1f, 0x18,  0x5, 0x35, 0x20,
    0x13, 0x18, 0xfe, 0xc8, 0x1c, 0x3b, 0x43, 0x3f, 0x12, 0xbf,
    0x34, 0x15,  0x1,  0x4, 0x3e,  0x3,  0x8, 0x3f,  0xb, 0x2d,
    0xab, 0x57, 0x29, 0x8a, 0x53, 0x19, 0x14,  0x2,  0x6, 0x3d,
     0x3,  0x3, 0x3e,  0x3, 0x17,  0x0,  0x0,  0x2,  0x0, 0x19,
    0xff, 0xf5,  0x1,  0xe,  0x2, 0xd6,  0x0,  0x7,  0x0, 0x1e,
     0x0,  0x0, 0x12,  0x6, 0x22, 0x26, 0x34, 0x36, 0x32, 0x16,
     0x3, 0x35, 0x34, 0x26, 0x23,  0x7, 0x37, 0x36, 0x37, 0x17,
     0x6, 0x11, 0x14, 0x33, 0x37, 0x17,  0x7, 0x26, 0x23, 0x22,
     0x7, 0x37, 0x36, 0xe4, 0x2d, 0x44, 0x25, 0x2c, 0x44, 0x26,
    0x89, 0x13, 0x18, 0x17,  0x6, 0x45, 0x7b,  0x9, 0x18, 0x1f,
    0x1d,  0x2,  0xa, 0x45, 0x20, 0x2f, 0x56,  0x8, 0x39,  0x2,
    0x6a, 0x2c, 0x26, 0x46, 0x2c, 0x26, 0xfd, 0xc3, 0xd6, 0x1f,
    0x19,  0x3, 0x3b,  0x8, 0x19, 0x11, 0x32, 0xfe, 0xd3, 0x2c,
     0x2,  0x4, 0x3f,  0x3,  0xb, 0x40,  0xa,  0x0,  0x0,  0x0,
     0x0,  0x2,  0x0,  0x7, 0xff,  0xc,  0x0, 0xde,  0x2, 0xd6,
     0x0, 0x11,  0x0, 0x19,  0x0,  0x0, 0x37, 0x11, 0x34, 0x26,
    0x23,  0x7, 0x3f,  0x1, 0x17,  0x6, 0x11, 0x14,  0x6,  0x7,
    0x27, 0x37, 0x3e,  0x1, 0x12,  0x6, 0x22, 0x26, 0x34, 0x36,
    0x32, 0x16, 0x52, 0x10, 0x14, 0x1e,  0x6, 0xbf,  0x9, 0x16,
    0x56, 0x4b, 0x20,  0x2, 0x2b, 0x1e, 0x8a, 0x2c, 0x45, 0x25,
    0x2c, 0x44, 0x26, 0x24,  0x1, 0x25, 0x20, 0x18,  0x3, 0x3a,
    0x22, 0x11, 0x2f, 0xfe, 0x58, 0x46, 0x7a, 0x26, 0x1e,  0xc,
    0x2a, 0x63,  0x2, 0xa7, 0x2c, 0x26, 0x46, 0x2c, 0x26,  0x0,
     0x0,  0x0,  0x0,  0x2,  0x0,  0x3, 0xff, 0xf5,  0x2,  0x2,
     0x2, 0xe6,  0x0, 0x17,  0x0, 0x32,  0x0,  0x0, 0x37, 0x11,
    0x34, 0x27, 0x23, 0x27, 0x3f,  0x1, 0x17,  0x6,  0x2, 0x15,
    0x14, 0x16, 0x33, 0x37, 0x17,  0x7, 0x26, 0x23,  0x7, 0x37,
    0x3e,  0x1, 0x13, 0x34, 0x23, 0x27, 0x37, 0x16, 0x33, 0x37,
    0x17,  0x7,  0xe,  0x2,  0x7, 0x17, 0x16, 0x1f,  0x1,  0x7,
     0x6, 0x2e,  0x1, 0x2f,  0x1, 0x3f,  0x1, 0x36, 0x48, 0x1c,
    0x27,  0x2,  0x5, 0xce,  0x7,  0xd, 0x12,  0xe, 0x10, 0x1a,
     0x2,  0xb, 0x45, 0x28, 0x6f,  0x7, 0x1f, 0x11, 0xfd, 0x34,
     0x3,  0x9, 0x46, 0x32, 0x6c,  0x3,  0x9, 0x28, 0x3b, 0x11,
    0x3d, 0x54, 0x30, 0x36,  0x4,  0x7, 0x4c, 0x43, 0x25, 0x16,
    0x64,  0x3, 0x60, 0x15, 0x86,  0x1, 0xcf, 0x30,  0x6,  0xd,
    0x2e, 0x20, 0x13, 0x10, 0xfe, 0xa2, 0xfb, 0x19, 0x14,  0x2,
     0x6, 0x3d,  0x4,  0x6, 0x3f,  0x4, 0x1f,  0x1, 0x28, 0x14,
     0x5, 0x33,  0x2,  0x4,  0x5, 0x39, 0x10, 0x34,  0xe, 0x3d,
    0x82, 0x46,  0x4,  0x8, 0x32, 0x11,  0xe, 0x22, 0x26, 0xa8,
    0x16, 0x60, 0x15,  0x0,  0x0,  0x0,  0x0,  0x1,  0x0,  0x3,
    0xff, 0xf7,  0x0, 0xff,  0x2, 0xe6,  0x0, 0x18,  0x0,  0x0,
    0x37, 0x11, 0x34, 0x27, 0x23, 0x27, 0x3f,  0x1, 0x17,  0x6,
     0x2, 0x15, 0x14, 0x16, 0x33, 0x37, 0x17,  0x7, 0x26, 0x23,
    0x22,  0x7, 0x37, 0x3e,  0x1, 0x48, 0x1c, 0x27,  0x2,  0x5,
    0xce,  0x7,  0xd, 0x12,  0xd, 0x10, 0x22,  0x2,  0xa, 0x4b,
    0x1f, 0x3d, 0x3f,  0x8, 0x20, 0x11, 0x86,  0x1, 0xcf, 0x30,
     0x6,  0xd, 0x2e, 0x20, 0x13, 0x10, 0xfe, 0xa1, 0xfa, 0x19,
    0x14,  0x2,  0x6, 0x3c,  0x3,  0x9, 0x3f,  0x7, 0x20,  0x0,
     0x0,  0x1,  0x0, 0x18, 0xff, 0xf8,  0x3, 0x31,  0x1, 0xda,
     0x0, 0x49,  0x0,  0x0,  0x1, 0x22,  0x7,  0x6, 0x14, 0x16,
    0x33, 0x37, 0x17,  0x7, 0x26, 0x23,  0x7, 0x37, 0x3e,  0x1,
    0x3d,  0x1, 0x34, 0x26, 0x2b,  0x1, 0x27, 0x3f,  0x1, 0x17,
     0x6,  0x7, 0x17, 0x36, 0x33, 0x32, 0x17, 0x3e,  0x1, 0x33,
    0x32, 0x16, 0x15, 0x14,  0x6, 0x14, 0x16, 0x33, 0x37, 0x17,
     0x7, 0x26, 0x23,  0x7, 0x37, 0x3e,  0x1, 0x3f,  0x1, 0x34,
    0x23, 0x22,  0xf,  0x1, 0x14, 0x16, 0x33, 0x37, 0x17,  0x7,
    0x26, 0x23,  0x7, 0x37, 0x36, 0x3f,  0x1, 0x34,  0x1, 0x2f,
    0x24, 0x32,  0xa,  0xd, 0x11, 0x1a,  0x3,  0xb, 0x42, 0x28,
    0x77,  0x8, 0x1d, 0x17, 0x15, 0x1c,  0xd,  0x4,  0x6, 0xba,
     0x8,  0x9,  0x2,  0x3, 0x64, 0x1e, 0x74, 0x1a, 0x1c, 0x57,
    0x11, 0x48, 0x4f, 0x12,  0xf, 0x11, 0x1e,  0x2,  0xa, 0x47,
    0x27, 0x6c,  0x6, 0x17, 0x13,  0x1,  0x3, 0x40, 0x25, 0x2f,
     0xd,  0xe, 0x10, 0x1c,  0x2,  0xa, 0x44, 0x26, 0x70,  0x6,
    0x2d,  0x1,  0x3,  0x1, 0x71, 0x26, 0xb4, 0x44, 0x14,  0x2,
     0x5, 0x3f,  0x3,  0x3, 0x3f,  0x2, 0x17, 0x1c, 0xd2, 0x23,
    0x19,  0x5, 0x35, 0x21,  0xa, 0x23, 0x22,  0x3, 0x52, 0x54,
    0x19, 0x3b, 0x44, 0x3e, 0x12, 0xbf, 0x34, 0x15,  0x1,  0x4,
    0x3e,  0x3,  0x5, 0x40,  0x3, 0x17, 0x1a, 0xab, 0x57, 0x24,
    0xe0, 0x1a, 0x15,  0x1,  0x4, 0x3e,  0x3,  0x8, 0x3f,  0xb,
    0x2d, 0xab, 0x57,  0x0,  0x0,  0x0,  0x0,  0x1,  0x0, 0x18,
    0xff, 0xf8,  0x2, 0x1e,  0x1, 0xda,  0x0, 0x31,  0x0,  0x0,
     0x1, 0x22,  0x7,  0x6, 0x14, 0x16, 0x33, 0x37, 0x17,  0x7,
    0x26, 0x23,  0x7, 0x37, 0x3e,  0x1, 0x3d,  0x1, 0x34, 0x26,
    0x2b,  0x1, 0x27, 0x3f,  0x1, 0x17,  0x6,  0x7, 0x17, 0x36,
    0x33, 0x32, 0x16, 0x15, 0x14,  0x6, 0x14, 0x16, 0x33, 0x37,
    0x17,  0x7, 0x26, 0x23,  0x7, 0x37, 0x36, 0x3f,  0x1, 0x34,
     0x1, 0x2f, 0x22, 0x34,  0xa,  0xd, 0x11, 0x1a,  0x3,  0xb,
    0x42, 0x28, 0x77,  0x8, 0x1d, 0x17, 0x15, 0x1c,  0xd,  0x4,
     0x6, 0xba,  0x8,  0x9,  0x2,  0x4, 0x5f, 0x22, 0x47, 0x50,
    0x12,  0xe, 0x11, 0x1e,  0x2,  0x9, 0x47, 0x26, 0x70,  0x6,
    0x2d,  0x1,  0x3,  0x1, 0x71, 0x25, 0xb7, 0x42, 0x14,  0x2,
     0x5, 0x3f,  0x3,  0x6, 0x40,  0x3, 0x18, 0x1c, 0xd2, 0x23,
    0x19,  0x5, 0x35, 0x21,  0xa, 0x23, 0x22,  0x4, 0x53, 0x45,
    0x3d, 0x12, 0xbf, 0x34, 0x15,  0x1,  0x4, 0x3e,  0x3,  0x8,
    0x3f,  0xb, 0x2d, 0xab, 0x57,  0x0,  0x0,  0x0,  0x0,  0x2,
     0x0, 0x19, 0xff, 0xf4,  0x1, 0xde,  0x1, 0xda,  0x0,  0x7,
     0x0,  0xf,  0x0,  0x0, 0x24,  0x6, 0x22, 0x26, 0x34, 0x36,
    0x32, 0x16,  0x3, 0x32, 0x35, 0x34, 0x23, 0x22, 0x15, 0x14,
     0x1, 0xde, 0x85, 0xcc, 0x74, 0x86, 0xcd, 0x72, 0xdd, 0x56,
    0x63, 0x56, 0x82, 0x8e, 0x7d, 0xdb, 0x8e, 0x7b, 0xfe, 0xe2,
    0x86, 0xbd, 0x86, 0xbd,  0x0,  0x2,  0x0, 0x16, 0xff, 0x14,
     0x2,  0x0,  0x1, 0xda,  0x0, 0x22,  0x0, 0x2c,  0x0,  0x0,
     0x5, 0x27,  0x7, 0x37, 0x3e,  0x1, 0x35, 0x37, 0x11, 0x34,
    0x26, 0x2b,  0x1, 0x27, 0x3f,  0x1, 0x17,  0x6,  0x7, 0x17,
    0x36, 0x33, 0x32, 0x16, 0x15, 0x14,  0x6, 0x23, 0x27, 0x15,
    0x14, 0x16, 0x33, 0x37, 0x17,  0x3, 0x16, 0x32, 0x36, 0x34,
    0x26, 0x23, 0x22,  0x7,  0x6,  0x1, 0x11, 0x7a, 0x7a,  0x8,
    0x1c, 0x12,  0x5, 0x15, 0x1c,  0xd,  0x4,  0x5, 0xb9,  0x9,
     0x8,  0x3,  0x4, 0x50, 0x13, 0x5a, 0x6d, 0x94, 0x76, 0x29,
     0xd, 0x17, 0x28,  0x3, 0x4c, 0x24, 0x55, 0x35, 0x35, 0x2d,
    0x1f, 0x27,  0x6, 0xe8,  0x2,  0x6, 0x3e,  0x3, 0x18, 0x23,
    0x99,  0x1, 0x1a, 0x23, 0x19,  0x5, 0x35, 0x21,  0xa, 0x22,
    0x1d,  0x5, 0x4a, 0x79, 0x63, 0x75, 0x8f,  0x3, 0x5c, 0x29,
    0x1c,  0x2,  0x4,  0x1,  0x1,  0xe, 0x49, 0x8b, 0x55, 0x1d,
    0x75,  0x0,  0x0,  0x0,  0x0,  0x2,  0x0, 0x19, 0xff, 0x16,
     0x1, 0xf9,  0x1, 0xe8,  0x0, 0x19,  0x0, 0x23,  0x0,  0x0,
    0x17, 0x22, 0x26, 0x34, 0x36, 0x33, 0x32, 0x17, 0x37, 0x17,
     0x6, 0x11, 0x14, 0x16, 0x33, 0x37, 0x17,  0x7, 0x23,  0x7,
    0x37, 0x3e,  0x1, 0x3f,  0x1,  0x6, 0x13, 0x26, 0x22,  0x6,
    0x14, 0x16, 0x33, 0x32, 0x36, 0x37, 0xd8, 0x58, 0x67, 0x8f,
    0x6e, 0x33, 0x3c, 0x42,  0xb, 0x15,  0xb, 0x14, 0x1a,  0x3,
     0x7, 0x80, 0x7c,  0x6, 0x2d, 0x1a,  0x1,  0x4, 0x60, 0x60,
    0x1d, 0x5b, 0x34, 0x35, 0x2c, 0x10, 0x26, 0x15,  0xa, 0x77,
    0xd7, 0x93,  0xa, 0x1b,  0xc, 0x2d, 0xfd, 0xec, 0x29, 0x18,
     0x1,  0x3, 0x3e,  0x4, 0x3e,  0x2, 0x17, 0x24, 0xaa, 0x45,
     0x1, 0x7c, 0x11, 0x48, 0x8e, 0x58, 0x11, 0x11,  0x0,  0x0,
     0x0,  0x1,  0x0, 0x1b, 0xff, 0xfc,  0x1, 0x90,  0x1, 0xda,
     0x0, 0x26,  0x0,  0x0, 0x37, 0x35, 0x34, 0x26, 0x23,  0x7,
    0x27, 0x3f,  0x1, 0x17,  0x6,  0x7, 0x17, 0x3e,  0x1, 0x33,
    0x1f,  0x1,  0x6,  0xf,  0x1, 0x34, 0x26, 0x23, 0x22,  0x7,
     0x6, 0x14, 0x16, 0x33, 0x37, 0x17,  0x7, 0x26, 0x23,  0x7,
    0x37, 0x3e,  0x1, 0x5e, 0x12, 0x19, 0x13,  0x5,  0x6, 0xb7,
     0xa,  0xa,  0x1,  0x6, 0x1f, 0x4b, 0x23, 0x22,  0x4, 0x10,
     0x4, 0x41,  0xc, 0x11, 0x22, 0x20,  0x9, 0x10, 0x16, 0x33,
     0x3,  0xb, 0x53, 0x30, 0x7e,  0x8, 0x1e, 0x15, 0x7e, 0xc6,
    0x22, 0x19,  0x1,  0x7, 0x34, 0x21,  0x9, 0x32, 0x2b,  0x4,
    0x2e, 0x35,  0x4,  0x8, 0x65, 0x52,  0x4, 0x30, 0x1f, 0x2b,
    0xae, 0x2c, 0x14,  0x4,  0x6, 0x44,  0x4,  0x4, 0x3e,  0x2,
    0x1c,  0x0,  0x0,  0x0,  0x0,  0x1,  0x0, 0x1d, 0xff, 0xf4,
     0x1, 0x77,  0x1, 0xda,  0x0, 0x27,  0x0,  0x0, 0x17, 0x22,
    0x26, 0x2f,  0x1, 0x36, 0x3f,  0x1, 0x14, 0x33, 0x32, 0x36,
    0x34, 0x2e,  0x2, 0x35, 0x34, 0x36, 0x33, 0x32, 0x1f,  0x1,
     0x6,  0xf,  0x1, 0x36, 0x35, 0x26, 0x23, 0x22,  0x6, 0x15,
    0x14, 0x17, 0x1e,  0x1, 0x15, 0x14,  0x6, 0xa9, 0x24, 0x43,
    0x1f,  0x6,  0x9,  0x4, 0x39, 0x58, 0x1c, 0x26, 0x27, 0x78,
    0x37, 0x74, 0x5c, 0x3a, 0x36,  0x6,  0xd,  0x6, 0x3a,  0x2,
     0x1, 0x45, 0x1a, 0x22, 0x43, 0x57, 0x3d, 0x77,  0xc,  0xe,
     0xd,  0xb, 0x40, 0x43,  0x6, 0x65, 0x19, 0x27, 0x20, 0x38,
    0x3f, 0x2b, 0x44, 0x56, 0x12,  0xb, 0x3f, 0x43,  0x3,  0xc,
     0x5, 0x44, 0x18, 0x13, 0x24, 0x20, 0x29, 0x3e, 0x2d, 0x3f,
    0x57,  0x0,  0x0,  0x0,  0x0,  0x1,  0x0,  0x4, 0xff, 0xf4,
     0x1, 0x41,  0x2, 0x28,  0x0, 0x1b,  0x0,  0x0, 0x37, 0x14,
    0x33, 0x32, 0x37, 0x17,  0x6, 0x23, 0x22, 0x26, 0x3d,  0x1,
    0x34, 0x26, 0x2f,  0x1, 0x37, 0x36, 0x3f,  0x1, 0x17,  0x6,
     0x7, 0x37, 0x17,  0x7, 0x27,  0x6, 0xba, 0x3c, 0x1d, 0x22,
     0xc, 0x54, 0x1f, 0x47, 0x43, 0x16, 0x20,  0xa,  0x7, 0x4e,
    0x45, 0x17, 0x1c,  0x6,  0x5, 0x75,  0x4,  0xa, 0x75,  0x6,
    0xa7, 0x50,  0xe, 0x21, 0x50, 0x3b, 0x40, 0xde, 0x1f, 0x16,
     0x1,  0x7, 0x32, 0x24, 0x36, 0x12,  0xf, 0x20, 0x37,  0x3,
     0x5, 0x44,  0x3, 0x74,  0x0,  0x0,  0x0,  0x1,  0x0,  0xf,
    0xff, 0xf4,  0x2, 0x26,  0x1, 0xda,  0x0, 0x27,  0x0,  0x0,
    0x25, 0x32, 0x37, 0x17,  0xe,  0x1,  0x7, 0x22, 0x2f,  0x1,
     0x6, 0x23, 0x22, 0x26, 0x35, 0x37, 0x34, 0x23,  0x7, 0x3f,
     0x1, 0x17,  0xe,  0x1, 0x14, 0x33, 0x32, 0x37, 0x35, 0x34,
    0x27, 0x26,  0x7, 0x3f,  0x1, 0x17,  0xe,  0x1, 0x15, 0x14,
     0x1, 0xe7, 0x16, 0x19, 0x10, 0x12, 0x41, 0x16, 0x5b,  0xb,
     0x8, 0x55, 0x1a, 0x4d, 0x50,  0x7, 0x21, 0x1a,  0x6, 0xb7,
     0xa,  0xb, 0x10, 0x3e, 0x1c, 0x39,  0x8,  0xc, 0x28,  0x8,
    0xbb,  0xa,  0xb, 0x10, 0x5c, 0x11, 0x15, 0x1e, 0x41,  0x5,
    0x4d,  0x4, 0x50, 0x41, 0x3d, 0xdd, 0x31,  0x3, 0x3b, 0x21,
    0x11, 0x18, 0xa9, 0xaa, 0x25, 0xcc, 0x1d,  0xa,  0xc,  0x3,
    0x3a, 0x1f, 0x11, 0x17, 0xbb, 0x70, 0x29,  0x0,  0x0,  0x0,
     0x0,  0x1, 0xff, 0xf5, 0xff, 0xf1,  0x1, 0xdc,  0x1, 0xd5,
     0x0, 0x21,  0x0,  0x0, 0x37, 0x36, 0x34, 0x26, 0x2b,  0x1,
    0x27, 0x37, 0x16, 0x33, 0x37,  0x7,  0xe,  0x1,  0x7,  0x3,
     0x7,  0x2, 0x27, 0x26, 0x2f,  0x1, 0x37, 0x16, 0x33, 0x32,
    0x37, 0x17,  0x7,  0xe,  0x1, 0x15, 0x14, 0x17, 0xf4, 0x59,
     0xe, 0x13, 0x1b,  0x4,  0x8, 0x3f, 0x2d, 0x5b,  0x7, 0x16,
    0x14,  0xd, 0x7e, 0x83, 0x50, 0x18, 0x10, 0x2e,  0x2,  0x7,
    0x3e, 0x1f, 0x2f, 0x5b,  0x2,  0x8, 0x1f, 0x12, 0x3d, 0x70,
    0xf6, 0x22,  0x8,  0x7, 0x38,  0x1,  0x1, 0x3e,  0x3, 0x15,
    0x22, 0xfe, 0xa9,  0xf,  0x1, 0x23, 0x4b, 0x31,  0x1,  0x5,
    0x39,  0x1,  0x7,  0x5, 0x3b,  0x3,  0xa,  0xc, 0x1c, 0xf0,
     0x0,  0x0,  0x0,  0x1, 0xff, 0xf8, 0xff, 0xf1,  0x2, 0xe9,
     0x1, 0xd5,  0x0, 0x39,  0x0,  0x0,  0x1, 0x34, 0x26, 0x2b,
     0x1, 0x27, 0x37, 0x16, 0x33, 0x37,  0x7,  0xe,  0x1,  0x7,
     0x3,  0x7, 0x26, 0x27, 0x23,  0xf,  0x1,  0x2, 0x27, 0x26,
    0x2f,  0x1, 0x37, 0x16, 0x33, 0x32, 0x37, 0x17,  0x7,  0xe,
     0x1, 0x15, 0x14, 0x17, 0x33, 0x36, 0x37, 0x2e,  0x1, 0x23,
    0x27, 0x37, 0x16, 0x33, 0x37, 0x17,  0x7,  0xe,  0x1, 0x15,
    0x14, 0x17, 0x33, 0x36,  0x2, 0x5a,  0xd, 0x12, 0x1b,  0x4,
     0x8, 0x3d, 0x2d, 0x5b,  0x8, 0x16, 0x13,  0xc, 0x7c, 0x7e,
     0x2, 0x3c,  0xb, 0x4b, 0x81, 0x4f, 0x17, 0x10, 0x2d,  0x2,
     0x7, 0x3d, 0x1e, 0x30, 0x59,  0x2,  0x8, 0x1e, 0x11, 0x3b,
     0xa, 0x26, 0x2b,  0x5, 0x17, 0x1a,  0x3,  0x8, 0x3c, 0x20,
    0x85,  0x2,  0x9, 0x1f, 0x10, 0x3b,  0xb, 0x56,  0x1, 0x7c,
     0xc,  0x9,  0x6, 0x39,  0x2,  0x1, 0x3e,  0x3, 0x15, 0x22,
    0xfe, 0xa9,  0xf,  0xd, 0xeb, 0xe9,  0xf,  0x1, 0x23, 0x4b,
    0x31,  0x1,  0x5, 0x39,  0x1,  0x7,  0x5, 0x3b,  0x3,  0x9,
     0xd, 0x16, 0xf6, 0x5f, 0x98, 0x17, 0x12,  0x6, 0x39,  0x1,
     0x6,  0x5, 0x3b,  0x3,  0x9,  0xc, 0x14, 0xf8, 0xf3,  0x0,
     0x0,  0x0,  0x0,  0x1,  0x0,  0x1, 0xff, 0xfa,  0x1, 0xf0,
     0x1, 0xd2,  0x0, 0x3b,  0x0,  0x0, 0x25, 0x34, 0x2f,  0x1,
     0x6, 0x14, 0x1f,  0x1,  0x7, 0x26, 0x23,  0x7, 0x27, 0x37,
    0x36, 0x37, 0x36, 0x37, 0x27, 0x2e,  0x1, 0x2f,  0x1, 0x37,
    0x16, 0x33, 0x37, 0x17,  0x7, 0x22, 0x15, 0x14, 0x1f,  0x1,
    0x37, 0x36, 0x35, 0x34, 0x23, 0x27, 0x37, 0x33, 0x37, 0x17,
     0x7,  0x6,  0xf,  0x1, 0x17, 0x1e,  0x1, 0x1f,  0x1,  0x7,
    0x26, 0x23,  0x7, 0x27, 0x37, 0x36,  0x1, 0x24,  0xd, 0x3b,
    0x48, 0x24,  0x3,  0x7, 0x4a, 0x18, 0x4e,  0x3,  0x7, 0x13,
     0xf,  0xc, 0x7b, 0x43, 0x1c, 0x2a, 0x21,  0x2,  0x6, 0x3b,
    0x3a, 0x7c,  0x3,  0x6, 0x26, 0x16, 0x29, 0x2e, 0x19, 0x24,
     0x2,  0x5, 0x5a, 0x55,  0x3,  0x6, 0x2c, 0x2a, 0x4f, 0x4d,
    0x1a, 0x2b, 0x1c,  0x3,  0x9, 0x42, 0x1e, 0x8e,  0x3,  0x7,
    0x27, 0x43,  0xb, 0x12, 0x51, 0x5a, 0x23,  0x1,  0x6, 0x31,
     0x4,  0x3,  0x7, 0x30,  0x9, 0x10,  0xb, 0x93, 0x5d, 0x27,
    0x1e,  0x6,  0x4, 0x38,  0x1,  0x4,  0x6, 0x34, 0x13, 0x10,
    0x1d, 0x3a, 0x3e, 0x22,  0xa,  0xe,  0x4, 0x34,  0x3,  0x6,
    0x36, 0x17, 0x33, 0x67, 0x68, 0x23, 0x20,  0x2,  0x4, 0x35,
     0x2,  0x6,  0x5, 0x32,  0x1,  0x0,  0x0,  0x1, 0xff, 0xe9,
    0xff,  0xf,  0x1, 0xe1,  0x1, 0xd5,  0x0, 0x2b,  0x0,  0x0,
    0x37, 0x36, 0x34, 0x26, 0x2b,  0x1, 0x27, 0x37, 0x16, 0x3b,
     0x1,  0x7,  0xe,  0x1,  0x7,  0x3,  0xe,  0x1, 0x23, 0x22,
    0x23, 0x22, 0x26, 0x35, 0x37, 0x36, 0x37,  0x2, 0x27, 0x26,
    0x2f,  0x1, 0x37, 0x33, 0x32, 0x36, 0x35, 0x17,  0x7,  0xe,
     0x1, 0x15, 0x14, 0x17, 0xf8, 0x5a,  0xc, 0x11, 0x20,  0x3,
     0x8, 0x3d, 0x2d, 0x5d,  0x8, 0x16, 0x14,  0x9, 0x80, 0x40,
    0x6e, 0x41,  0x1,  0x1,  0xe, 0x3e,  0x8, 0x84, 0x45, 0x5c,
    0x2e, 0x15, 0x27,  0x2,  0x7, 0x4e, 0x3b, 0x5e,  0x2,  0x9,
    0x1c, 0x14, 0x44, 0x84, 0xe8, 0x1d,  0x9,  0x5, 0x3a,  0x3,
    0x3d,  0x5, 0x13, 0x19, 0xfe, 0xcb, 0x9a, 0x82, 0x41, 0x10,
     0xd,  0xb, 0x7f,  0x1,  0x3, 0x6b, 0x2a,  0x1,  0x5, 0x39,
     0x6,  0x1,  0x5, 0x3b,  0x1,  0xb,  0xd, 0x1c, 0xdc,  0x0,
     0x0,  0x0,  0x0,  0x1,  0x0, 0x14, 0xff, 0xfb,  0x1, 0xaf,
     0x1, 0xd7,  0x0, 0x18,  0x0,  0x0, 0x17, 0x27, 0x13,  0x7,
     0xe,  0x1,  0xf,  0x1, 0x36, 0x3f,  0x1, 0x1f,  0x2,  0x6,
     0x7, 0x37, 0x3e,  0x1, 0x3f,  0x1,  0x6, 0x15,  0x7, 0x25,
    0x25, 0x11, 0xfc, 0x5a, 0x35, 0x24,  0x4, 0x33,  0x9,  0x2,
     0x7, 0x82, 0xe8,  0xd, 0x8d, 0x77, 0x6a, 0x2b, 0x2b,  0x9,
    0x35, 0x11, 0x10, 0xfe, 0xd5,  0x4, 0x21,  0x1, 0x70,  0x6,
     0x5, 0x22, 0x31,  0x5, 0x64, 0x42,  0x7,  0x8,  0x3, 0x1e,
    0xba, 0xb5,  0x9,  0x5, 0x36, 0x3b,  0x5, 0x6e, 0x4a, 0x10,
     0x7,  0x0,  0x0,  0x0,  0x0,  0x1,  0x0, 0x2c, 0xff, 0x80,
     0x1, 0x37,  0x2, 0x8e,  0x0, 0x28,  0x0,  0x0, 0x13, 0x34,
    0x26, 0x35, 0x34, 0x36, 0x33, 0x32, 0x1f,  0x1,  0x7, 0x26,
    0x22,  0x6, 0x14, 0x16, 0x14,  0x6,  0x7, 0x15, 0x16, 0x15,
    0x14,  0x6, 0x14, 0x16, 0x33, 0x37, 0x17,  0x7,  0x6, 0x22,
    0x26, 0x35, 0x34, 0x36, 0x35, 0x34, 0x27, 0x37, 0x36, 0x81,
    0x2f, 0x51, 0x44, 0x23, 0x26,  0x7,  0xd, 0x19, 0x2b, 0x1d,
    0x1b, 0x29, 0x20, 0x49, 0x1b, 0x1e, 0x1d, 0x29,  0x8,  0xb,
    0x1e, 0x6e, 0x4c, 0x2f, 0x55,  0x4, 0x51,  0x1, 0x6b, 0x14,
    0x7d, 0x1e, 0x32, 0x42,  0x9,  0xa, 0x38,  0x5, 0x21, 0x2d,
    0x72, 0x3b, 0x2f,  0x9,  0x6, 0x18, 0x49, 0x19, 0x79, 0x30,
    0x23,  0x6,  0xa, 0x36,  0xf, 0x43, 0x31, 0x1f, 0x7b, 0x12,
    0x3d, 0x14, 0x30, 0x17,  0x0,  0x1,  0x0, 0x74, 0xfe, 0xf3,
     0x0, 0xdc,  0x3, 0x27,  0x0,  0x8,  0x0,  0x0, 0x13, 0x17,
     0x2, 0x15, 0x13,  0x7, 0x27, 0x34, 0x13, 0xcc, 0x10,  0x6,
     0x1, 0x57,  0xc,  0x2,  0x3, 0x27,  0xb, 0xfe, 0xad, 0xa6,
    0xfd, 0xdb,  0xb,  0xb,  0xe,  0x4, 0x10,  0x0,  0x0,  0x1,
     0x0,  0xb, 0xff, 0x80,  0x1, 0x16,  0x2, 0x8e,  0x0, 0x28,
     0x0,  0x0, 0x36,  0x6, 0x14, 0x16, 0x15, 0x14,  0x6, 0x23,
    0x22, 0x2f,  0x1, 0x37, 0x16, 0x32, 0x36, 0x34, 0x26, 0x35,
    0x34, 0x37, 0x35, 0x26, 0x35, 0x34, 0x36, 0x34, 0x26, 0x23,
     0x7, 0x27, 0x37, 0x36, 0x32, 0x16, 0x15, 0x14,  0x6, 0x14,
    0x16, 0x17,  0x7, 0xee, 0x2d, 0x2f, 0x52, 0x44, 0x21, 0x28,
     0x6,  0xd, 0x18, 0x2c, 0x1c, 0x1b, 0x49, 0x49, 0x1b, 0x1e,
    0x1c, 0x29,  0x8,  0xb, 0x1e, 0x6e, 0x4c, 0x2f, 0x2e, 0x27,
     0x4, 0xe8, 0x27, 0x2f, 0x7b, 0x1e, 0x35, 0x44,  0x9,  0xa,
    0x37,  0x5, 0x21, 0x2e, 0x76, 0x17, 0x46, 0x16,  0x6, 0x19,
    0x49, 0x18, 0x75, 0x2f, 0x23,  0x5,  0x9, 0x37,  0xf, 0x44,
    0x30, 0x1f, 0x78, 0x31, 0x29,  0x8, 0x2f,  0x0,  0x0,  0x1,
     0x0, 0x1b,  0x0, 0xb2,  0x1, 0xe0,  0x1, 0x5d,  0x0, 0x14,
     0x0,  0x0, 0x12, 0x16, 0x32, 0x36, 0x37, 0x33, 0x17, 0x15,
     0xf,  0x1, 0x22, 0x26, 0x23, 0x22,  0xf,  0x1, 0x23, 0x27,
    0x35, 0x3f,  0x1, 0xa3, 0xaf, 0x21, 0x26, 0x19,  0xb, 0x23,
    0x5b, 0x13, 0x1a, 0xaf, 0x11, 0x1d, 0x25,  0xd,  0xb, 0x23,
    0x5b, 0x13,  0x1, 0x4b, 0x27, 0x1c, 0x1d, 0x26,  0xa, 0x66,
     0x4, 0x27, 0x2a,  0xe, 0x25,  0xb, 0x65,  0x4,  0x0,  0x0,
     0x0,  0x2,  0x0, 0x32, 0xff,  0xe,  0x0, 0xeb,  0x1, 0xda,
     0x0,  0x7,  0x0,  0xe,  0x0,  0x0, 0x12, 0x36, 0x32, 0x16,
    0x14,  0x6, 0x22, 0x26, 0x17, 0x13,  0xf,  0x1, 0x27, 0x13,
    0x37, 0x4f, 0x2c, 0x49, 0x27, 0x2d, 0x48, 0x27, 0x71, 0x14,
     0xc, 0x85, 0x11, 0x3e, 0x40,  0x1, 0xac, 0x2e, 0x29, 0x47,
    0x2e, 0x29, 0x82, 0xfe, 0x52, 0x11, 0x16, 0x12,  0x1, 0xc5,
     0xb,  0x0,  0x0,  0x0,  0x0,  0x1,  0x0, 0x19, 0xff, 0x61,
     0x1, 0x90,  0x2, 0x92,  0x0, 0x20,  0x0,  0x0, 0x36, 0x26,
    0x34, 0x36, 0x3f,  0x2, 0x17,  0x7, 0x16, 0x1f,  0x1,  0x6,
     0xf,  0x1, 0x35, 0x34, 0x23, 0x22, 0x15, 0x14, 0x16, 0x33,
    0x32, 0x37, 0x1f,  0x1,  0x6,  0xf,  0x2, 0x27, 0x37, 0x6b,
    0x52, 0x72, 0x5d, 0x14, 0x46,  0x6, 0x14, 0x2c, 0x2c,  0x4,
    0x11,  0x5, 0x41, 0x3e, 0x5d, 0x38, 0x35, 0x2e, 0x3c,  0x8,
    0x10, 0x52, 0x3c,  0xf, 0x45,  0x6, 0x10,  0xd, 0x75, 0xbf,
    0x8a,  0xc, 0xb2,  0x9,  0x9, 0xb1,  0x4,  0xf,  0x9, 0x47,
    0x54,  0x4, 0x21, 0x47, 0x84, 0x52, 0x56, 0x1d,  0x3, 0x34,
    0x43,  0x7, 0x8c,  0x8,  0x7, 0x94,  0x0,  0x0,  0x0,  0x1,
     0x0, 0x1b, 0xff, 0xf4,  0x1, 0xe9,  0x2, 0x56,  0x0, 0x2e,
     0x0,  0x0, 0x24, 0x14,  0x6, 0x22, 0x26, 0x22,  0x7, 0x2f,
     0x1, 0x36, 0x3d,  0x1, 0x2e,  0x1, 0x2f,  0x1, 0x3f,  0x1,
    0x35, 0x34, 0x36, 0x33, 0x32, 0x1f,  0x1,  0xf,  0x1, 0x26,
    0x23, 0x22,  0xf,  0x1, 0x37, 0x17,  0x7, 0x26, 0x23,  0x7,
     0x6,  0x7, 0x37, 0x32, 0x16, 0x33, 0x32, 0x37, 0x17,  0x1,
    0xe9, 0x37, 0x4b, 0x9c, 0x59, 0x38,  0xb, 0x14, 0x5c,  0x1,
    0x19, 0x26,  0x4,  0x7, 0x3d, 0x88, 0x5d, 0x4a, 0x26,  0x5,
    0x20, 0x13, 0x44, 0x29, 0x45,  0x1,  0x3, 0x97,  0x4,  0xb,
    0x44, 0x4e,  0x2,  0x2, 0x2d, 0x39, 0x15, 0x64, 0x13, 0x3e,
     0x3, 0x19, 0x8b, 0x5c, 0x3b, 0x31, 0x24,  0x5, 0x3d, 0x38,
    0x50, 0x29, 0x17,  0xf,  0x2,  0x6, 0x34,  0xa, 0x15, 0x5c,
    0x85,  0xf,  0xb, 0x60,  0x3, 0x26, 0x5f, 0x44,  0x3,  0x5,
    0x44,  0x3, 0x3c, 0x48, 0x27,  0xc, 0x13, 0x4b,  0x2,  0x0,
     0x0,  0x0,  0x0,  0x2,  0x0,  0xd,  0x0, 0x8c,  0x1, 0xb9,
     0x2, 0x39,  0x0, 0x1d,  0x0, 0x25,  0x0,  0x0, 0x13, 0x26,
    0x34, 0x37, 0x27, 0x3f,  0x1, 0x16, 0x17, 0x36, 0x32, 0x17,
    0x37, 0x1f,  0x1,  0x7, 0x16, 0x14,  0x7, 0x17,  0xf,  0x1,
    0x27,  0x6, 0x22, 0x27,  0x7, 0x2f,  0x1, 0x3e,  0x1, 0x14,
    0x16, 0x32, 0x36, 0x34, 0x26, 0x22, 0x56, 0x12, 0x14, 0x4b,
     0x3, 0x46, 0x30, 0x13, 0x22, 0x4d, 0x24, 0x44, 0x12, 0x33,
    0x48, 0x15, 0x13, 0x4a,  0x4, 0x47, 0x41, 0x22, 0x51, 0x25,
    0x44, 0x11, 0x31,  0x7, 0x76, 0x32, 0x48, 0x34, 0x34, 0x48,
     0x1, 0x16, 0x21, 0x51, 0x22, 0x47, 0x11, 0x32, 0x34, 0x14,
    0x12, 0x12, 0x4d,  0x4, 0x47, 0x43, 0x24, 0x50, 0x21, 0x43,
    0x11, 0x34, 0x46, 0x14, 0x15, 0x49,  0x4, 0x47,  0x5, 0xa7,
    0x48, 0x33, 0x33, 0x48, 0x33,  0x0,  0x0,  0x1,  0x0, 0x15,
    0xff, 0xf7,  0x2, 0x21,  0x1, 0xfd,  0x0, 0x45,  0x0,  0x0,
    0x13,  0x7, 0x27, 0x37, 0x33, 0x26, 0x27, 0x35, 0x37, 0x16,
    0x32, 0x36, 0x37, 0x17,  0x7,  0xe,  0x1, 0x14, 0x1f,  0x2,
    0x37, 0x36, 0x34, 0x2e,  0x1, 0x27, 0x36, 0x35, 0x37, 0x17,
    0x37, 0x17,  0x7,  0x6,  0x7,  0x6,  0x7, 0x36, 0x33, 0x17,
     0x7, 0x23,  0x7,  0x6,  0x7, 0x36, 0x37, 0x17,  0x7, 0x23,
    0x14, 0x1e,  0x1, 0x33, 0x37, 0x17,  0x7, 0x26, 0x23,  0x7,
    0x37, 0x3e,  0x1, 0x37,  0x7, 0x27, 0x37, 0x33, 0x26, 0xb1,
    0x7f,  0x7,  0x8, 0x58, 0x38, 0x3e,  0x6, 0x41, 0x35, 0x7f,
     0x4,  0x5,  0x5, 0x1d, 0x12, 0x10,  0x9, 0x2f, 0x41,  0x8,
     0xb, 0x17,  0x9,  0x1,  0x5, 0x74, 0x58,  0x4,  0x6, 0x22,
     0xf, 0x12, 0x2c, 0x50,  0xf,  0x7,  0x4, 0x88, 0x1a,  0x7,
     0x3, 0x4b, 0x5d,  0x7,  0x5, 0xb5,  0xe, 0x13,  0xe, 0x22,
     0x3,  0x8, 0x63, 0x2b, 0x89,  0x6, 0x2f, 0x1a,  0x2, 0xac,
     0x7,  0x8, 0xa3,  0x9,  0x1,  0xb,  0x1,  0x7, 0x38, 0x62,
    0x11, 0x18, 0x25,  0x3,  0x6,  0x1,  0xa, 0x33,  0x2,  0x8,
    0x14, 0x23, 0x17, 0x51, 0x81,  0xe, 0x11,  0x4,  0x2,  0x5,
     0x6,  0xe, 0x23,  0x3,  0x3,  0x6, 0x37,  0xb,  0xd, 0x10,
    0x49,  0x2,  0x9, 0x39, 0x2d,  0xb, 0x10,  0x1,  0x3,  0xa,
    0x39, 0x34, 0x13,  0x2,  0x2,  0x6, 0x3a,  0x3,  0x9, 0x3c,
     0x6, 0x1d, 0x2e,  0x1,  0x8, 0x38, 0x17,  0x0,  0x0,  0x2,
     0x0, 0x74, 0xfe, 0xf3,  0x0, 0xdc,  0x3, 0x27,  0x0,  0x6,
     0x0,  0xd,  0x0,  0x0, 0x3f,  0x1, 0x17, 0x13,  0x7, 0x27,
    0x34, 0x1b,  0x1, 0x37, 0x17,  0x6,  0xf,  0x1, 0x75, 0x57,
     0xa,  0x1, 0x57,  0xc,  0x1,  0x1, 0x56, 0x10,  0x5,  0x1,
    0x58, 0x9e,  0xf,  0xa, 0xfe, 0x5b,  0xb,  0xb, 0xfe,  0x1,
    0x76,  0x1, 0xaa,  0xb,  0xb, 0xf6, 0xaf,  0xc,  0x0,  0x2,
     0x0, 0x1c, 0xff, 0x9c,  0x1, 0xd9,  0x2, 0x8e,  0x0, 0x2d,
     0x0, 0x39,  0x0,  0x0, 0x25, 0x14,  0x6, 0x23, 0x22, 0x26,
    0x35, 0x34, 0x37, 0x17, 0x1e,  0x1, 0x32, 0x36, 0x34, 0x2e,
     0x3, 0x35, 0x34, 0x37, 0x26, 0x35, 0x34, 0x36, 0x33, 0x32,
    0x16, 0x14,  0x6,  0x7, 0x23, 0x2e,  0x1, 0x22,  0x6, 0x14,
    0x1e,  0x3, 0x14,  0x6,  0x7, 0x16,  0x3,  0x6, 0x14, 0x16,
    0x17, 0x16, 0x17, 0x36, 0x34, 0x26, 0x27, 0x26,  0x1, 0x84,
    0x70, 0x50, 0x37, 0x51, 0x1b, 0x15,  0x7, 0x3c, 0x3e, 0x20,
    0x32, 0x46, 0x47, 0x32, 0x63,  0xc, 0x65, 0x49, 0x30, 0x4a,
    0x14,  0xa, 0x13,  0xc, 0x2f, 0x2c, 0x19, 0x31, 0x46, 0x47,
    0x31, 0x34, 0x2c,  0xb, 0xe6, 0x1a, 0x2f, 0x1e, 0x65, 0x20,
    0x17, 0x2e, 0x1d, 0x68, 0x34, 0x3a, 0x5e, 0x2f, 0x1f, 0x44,
    0x25,  0x1, 0x2c, 0x39, 0x1b, 0x30, 0x30, 0x2a, 0x30, 0x47,
    0x2b, 0x52, 0x3d, 0x18, 0x1c, 0x3f, 0x58, 0x1e, 0x2c, 0x46,
     0x9, 0x1e, 0x26, 0x19, 0x2c, 0x31, 0x2c, 0x31, 0x46, 0x52,
    0x4d, 0x1b, 0x18,  0x1, 0x4a, 0x18, 0x3f, 0x37, 0x13, 0x40,
    0x20, 0x19, 0x3c, 0x37, 0x13, 0x45,  0x0,  0x2,  0x0, 0x2e,
     0x2, 0x33,  0x1, 0x5f,  0x2, 0xb3,  0x0,  0x7,  0x0,  0xf,
     0x0,  0x0,  0x0,  0x6, 0x22, 0x26, 0x34, 0x36, 0x32, 0x16,
     0xe,  0x1, 0x22, 0x26, 0x34, 0x36, 0x32, 0x16,  0x1, 0x5f,
    0x25, 0x3b, 0x1f, 0x25, 0x3b, 0x1f, 0xb2, 0x25, 0x3b, 0x1f,
    0x25, 0x3a, 0x20,  0x2, 0x59, 0x26, 0x21, 0x39, 0x26, 0x21,
    0x3a, 0x25, 0x21, 0x39, 0x26, 0x22,  0x0,  0x3,  0x0, 0x2b,
    0xff, 0xf4,  0x2, 0x8c,  0x2, 0x56,  0x0, 0x1a,  0x0, 0x22,
     0x0, 0x2a,  0x0,  0x0, 0x25,  0x6, 0x22, 0x26, 0x34, 0x36,
    0x33, 0x32, 0x1f,  0x1,  0x6,  0xf,  0x1, 0x36, 0x35, 0x34,
    0x23, 0x22, 0x15, 0x14, 0x33, 0x32, 0x36, 0x3f,  0x1,  0x6,
    0x15, 0x24, 0x34, 0x36, 0x32, 0x16, 0x14,  0x6, 0x22,  0x2,
    0x14, 0x16, 0x32, 0x36, 0x34, 0x26, 0x22,  0x1, 0xc8, 0x35,
    0x8c, 0x50, 0x60, 0x55, 0x2d, 0x3d,  0x3,  0xb,  0x3, 0x3d,
     0x1, 0x31, 0x45, 0x48, 0x1a, 0x1c,  0x4, 0x3b,  0x8, 0xfe,
    0x5d, 0xb2, 0xfd, 0xb2, 0xb2, 0xfd, 0x7f, 0x94, 0xd3, 0x95,
    0x95, 0xd3, 0x94, 0x13, 0x57, 0x9a, 0x5e,  0xd,  0x7, 0x2b,
    0x3a,  0x3,  0xd,  0xd, 0x29, 0x65, 0x78, 0x1f, 0x22,  0x5,
    0x38, 0x2c,  0xb, 0xfc, 0xb3, 0xb3, 0xfc, 0xb3,  0x1, 0x9b,
    0xd4, 0x96, 0x96, 0xd4, 0x96,  0x0,  0x0,  0x0,  0x0,  0x2,
     0x0, 0x17,  0x1, 0x4b,  0x1, 0x4e,  0x2, 0x8a,  0x0, 0x21,
     0x0, 0x28,  0x0,  0x0,  0x1, 0x32, 0x37, 0x17,  0x6,  0x7,
    0x22, 0x2f,  0x1,  0x6, 0x23, 0x22, 0x26, 0x35, 0x34, 0x36,
    0x3f,  0x1, 0x35, 0x34, 0x26, 0x23, 0x22,  0xf,  0x1, 0x2f,
     0x1, 0x36, 0x33, 0x32, 0x16, 0x15,  0x7, 0x14, 0x27,  0x6,
    0x14, 0x16, 0x32, 0x3f,  0x1,  0x1, 0x27,  0xb, 0x12,  0xa,
    0x24, 0x1f, 0x41,  0x5,  0x7, 0x31, 0x19, 0x27, 0x36, 0x16,
    0x12, 0x81, 0x1d, 0x15, 0x28, 0x20,  0xb,  0x6,  0xe, 0x60,
    0x20, 0x3e, 0x3a,  0xd, 0x90,  0xe, 0x12, 0x22, 0x15,  0x2,
     0x1, 0x99,  0x9, 0x10, 0x3e,  0x9, 0x32,  0x2, 0x31, 0x3b,
    0x2b, 0x14, 0x1f,  0x4, 0x1a,  0x9, 0x19, 0x1d, 0x16,  0x7,
     0x3, 0x2c, 0x34, 0x33, 0x28, 0x7d, 0x19, 0x35,  0x4, 0x1f,
    0x15,  0xc, 0x3b,  0x0,  0x0,  0x0,  0x0,  0x2,  0x0,  0xf,
     0x0, 0x2c,  0x1, 0x9a,  0x1, 0x9b,  0x0,  0xc,  0x0, 0x19,
     0x0,  0x0, 0x25, 0x14, 0x17,  0xf,  0x1, 0x26, 0x27, 0x35,
    0x36, 0x37, 0x1f,  0x1,  0x6,  0x5, 0x14, 0x17,  0xf,  0x1,
    0x26, 0x27, 0x35, 0x36, 0x37, 0x1f,  0x1,  0x6,  0x1, 0x41,
    0x59,  0x4, 0x29, 0x40, 0x65, 0x5c, 0x49, 0x29,  0x4,  0xe,
    0xfe, 0xfc, 0x59,  0x4, 0x29, 0x40, 0x65, 0x5c, 0x49, 0x29,
     0x4,  0xe, 0xe5,  0x3, 0x8d, 0x10, 0x19, 0x48, 0x63, 0x15,
    0x5c, 0x53, 0x19, 0x10, 0x15, 0x78,  0x3, 0x8d, 0x10, 0x19,
    0x48, 0x63, 0x15, 0x5c, 0x53, 0x19, 0x10, 0x15,  0x0,  0x1,
     0x0, 0x11,  0x0, 0x15,  0x1, 0xcb,  0x1, 0x47,  0x0,  0xe,
     0x0,  0x0, 0x25, 0x23,  0x7, 0x27, 0x37, 0x16, 0x33, 0x37,
    0x17,  0x6,  0x7, 0x17,  0x7, 0x27, 0x36,  0x1, 0x5d, 0x61,
    0xe4,  0x7,  0xe, 0x91, 0x59, 0xbb,  0x7,  0x9,  0x1,  0x1,
    0x5b,  0xb,  0x1, 0xde,  0x1,  0xa, 0x5b,  0x1,  0x6,  0xd,
    0x46, 0x49, 0x88,  0xe,  0x7, 0x66,  0x0,  0x0,  0x0,  0x4,
     0x0, 0x1e,  0x1, 0x2f,  0x1, 0xb6,  0x2, 0xc7,  0x0,  0x7,
     0x0,  0xf,  0x0, 0x36,  0x0, 0x3e,  0x0,  0x0, 0x12, 0x34,
    0x36, 0x32, 0x16, 0x14,  0x6, 0x22,  0x2, 0x14, 0x16, 0x32,
    0x36, 0x34, 0x26, 0x22,  0x7, 0x17, 0x33, 0x36, 0x33, 0x32,
    0x15, 0x14,  0x7, 0x17, 0x16, 0x1f,  0x1,  0xe,  0x2, 0x26,
    0x2f,  0x1, 0x23, 0x15, 0x14, 0x16, 0x33, 0x17,  0x7, 0x26,
    0x2b,  0x1,  0x7, 0x37, 0x3e,  0x1, 0x3d,  0x1, 0x34, 0x2b,
     0x1, 0x27, 0x1f,  0x1, 0x36, 0x35, 0x34, 0x23, 0x22, 0x15,
    0x1e, 0x77, 0xaa, 0x77, 0x77, 0xaa, 0x51, 0x62, 0x88, 0x62,
    0x62, 0x88, 0x18, 0x2b,  0xb, 0x16,  0xd, 0x56, 0x2a, 0x18,
    0x12, 0x12,  0x2,  0x1,  0xa, 0x2b, 0x12,  0x8, 0x19, 0x15,
     0x7, 0x10,  0x2,  0x3, 0x19,  0xe,  0xc, 0x2d,  0x3,  0xe,
     0x8,  0xa,  0xb,  0x2, 0x49, 0x1b, 0x19, 0x2c,  0x5,  0x1,
    0xa6, 0xaa, 0x77, 0x77, 0xaa, 0x77,  0x1, 0x10, 0x88, 0x62,
    0x62, 0x88, 0x62, 0x37,  0x1,  0x2, 0x38, 0x26, 0x17, 0x26,
    0x1d,  0x1,  0x3,  0xe,  0x7,  0x1,  0xc, 0x12, 0x33, 0x1b,
    0x11,  0x8,  0x3, 0x16,  0x2,  0x3, 0x18,  0x2,  0xd, 0x12,
    0x6b, 0x12,  0x3, 0x4b,  0x2,  0x9, 0x1b, 0x20,  0x8,  0x0,
     0x0,  0x0,  0x0,  0x1,  0x0, 0x32,  0x2, 0x44,  0x1, 0x61,
     0x2, 0xa0,  0x0,  0x7,  0x0,  0x0,  0x1, 0x17,  0x7,  0x5,
    0x27, 0x37, 0x16, 0x33,  0x1, 0x59,  0x8,  0xc, 0xfe, 0xe8,
     0xb,  0xe, 0x5f, 0x3b,  0x2, 0xa0,  0xe, 0x4c,  0x2,  0xb,
    0x4c,  0x1,  0x0,  0x2,  0x0, 0x15,  0x1, 0x89,  0x1, 0x19,
     0x2, 0x8e,  0x0,  0x7,  0x0,  0xf,  0x0,  0x0, 0x12, 0x26,
    0x34, 0x36, 0x32, 0x16, 0x14,  0x6, 0x26, 0x14, 0x16, 0x32,
    0x36, 0x34, 0x26, 0x22, 0x61, 0x4c, 0x4c, 0x6c, 0x4c, 0x4c,
    0x7e, 0x29, 0x3e, 0x29, 0x29, 0x3e,  0x1, 0x89, 0x4c, 0x6d,
    0x4c, 0x4c, 0x6d, 0x4c, 0xa1, 0x3e, 0x29, 0x29, 0x3e, 0x2a,
     0x0,  0x0,  0x0,  0x2,  0x0, 0x11, 0xff, 0x9d,  0x1, 0xe9,
     0x1, 0xfd,  0x0, 0x12,  0x0, 0x1a,  0x0,  0x0, 0x25,  0x7,
    0x17,  0x7, 0x27, 0x34, 0x37,  0x7, 0x27, 0x37, 0x16, 0x33,
    0x3f,  0x1, 0x17,  0x6,  0x7, 0x37, 0x17,  0x3,  0x5, 0x27,
    0x37, 0x33, 0x32, 0x35, 0x17,  0x1, 0xdf, 0xb4,  0x1, 0x58,
     0xb,  0x1, 0xb2,  0x7,  0xe, 0x5a, 0x51,  0x1, 0x59,  0xd,
     0x5,  0x1, 0xb7,  0x7, 0x13, 0xfe, 0x4b,  0x9,  0xb, 0xe8,
    0xce,  0x8, 0xe1,  0x1, 0xa3,  0xe,  0x7, 0x59, 0x51,  0x1,
     0xb, 0x5b,  0x1, 0xae,  0xb,  0x7, 0x65, 0x4d,  0x6,  0xd,
    0xfe, 0x62,  0x2,  0xe, 0x4c,  0x4,  0xf,  0x0,  0x0,  0x1,
     0x0, 0x16,  0x1, 0x4d,  0x1, 0x4e,  0x2, 0xd8,  0x0, 0x1b,
     0x0,  0x0, 0x13, 0x34, 0x22,  0x7, 0x23, 0x27, 0x3e,  0x1,
    0x32, 0x16, 0x14,  0x6,  0x7, 0x17, 0x33, 0x32, 0x36, 0x3f,
     0x1,  0x6,  0xf,  0x1, 0x26, 0x23,  0x7, 0x27, 0x37, 0x36,
    0xb3, 0x58, 0x28,  0xa,  0xd, 0x18, 0x4d, 0x5c, 0x42, 0x3b,
    0x4a,  0x3, 0x39, 0x1d, 0x19,  0x5, 0x3d,  0xe,  0x4,  0xb,
    0x9d, 0x41, 0x37,  0x6, 0x51, 0x4c,  0x2, 0x5b, 0x26, 0x36,
    0x3f, 0x23, 0x2b, 0x33, 0x54, 0x61, 0x50,  0x6, 0x19, 0x22,
     0x5, 0x4d, 0x37,  0x9,  0x6,  0x5, 0x30, 0x57, 0x5a,  0x0,
     0x0,  0x1,  0x0, 0x16,  0x1, 0x4b,  0x1, 0x17,  0x2, 0xd8,
     0x0, 0x22,  0x0,  0x0, 0x13, 0x16, 0x32, 0x36, 0x35, 0x34,
    0x23, 0x2f,  0x1, 0x37, 0x36, 0x35, 0x34, 0x26, 0x23, 0x22,
     0x7, 0x23, 0x27, 0x3e,  0x1, 0x32, 0x16, 0x14,  0x6,  0x7,
    0x15, 0x16, 0x15, 0x14,  0x6, 0x23, 0x22, 0x26, 0x27, 0x22,
    0x1b, 0x43, 0x2d, 0x59,  0x7,  0x6, 0x2c, 0x2d, 0x14, 0x10,
    0x21, 0x27,  0x8, 0x11, 0x17, 0x4c, 0x4d, 0x39, 0x27, 0x22,
    0x5c, 0x7b, 0x4b, 0x1e, 0x1a,  0x3,  0x1, 0xa3,  0xb, 0x1c,
    0x16, 0x2d,  0x8, 0x30,  0x9, 0x14, 0x24,  0xe, 0x12, 0x1c,
    0x37, 0x10, 0x1d, 0x2b, 0x40, 0x2f,  0xc,  0x7, 0x1d, 0x41,
    0x30, 0x52, 0x22, 0x2a,  0x0,  0x1,  0x0, 0x73,  0x2,  0xb,
     0x1, 0x5e,  0x2, 0xe1,  0x0,  0x8,  0x0,  0x0,  0x1,  0x7,
     0x6,  0x7, 0x2f,  0x1, 0x36, 0x37, 0x17,  0x1, 0x5e,  0x1,
    0x60, 0x5d,  0xf, 0x1e, 0x68, 0x3f,  0xe,  0x2, 0x9a,  0xe,
    0x3c, 0x45,  0x4, 0x27, 0x68, 0x43,  0x1,  0x0,  0x0,  0x1,
     0x0, 0x18, 0xff, 0x9c,  0x2, 0x1b,  0x2, 0x86,  0x0, 0x26,
     0x0,  0x0, 0x13, 0x17, 0x37,  0xf,  0x1,  0xe,  0x1,  0x7,
     0x6, 0x11, 0x14,  0x6, 0x23, 0x22, 0x26, 0x35, 0x34, 0x36,
    0x37, 0x33, 0x1e,  0x1, 0x32, 0x36, 0x35, 0x11, 0x34, 0x26,
    0x23, 0x22,  0x6, 0x14, 0x16, 0x17, 0x15, 0x2e,  0x1, 0x34,
    0x36, 0xfb, 0x90, 0x90,  0x6,  0x2, 0x25, 0x18,  0x2,  0xc,
    0x78, 0x6f, 0x39, 0x53, 0x19, 0x11, 0x10,  0x3, 0x35, 0x5d,
    0x26,  0x9, 0x12, 0x27, 0x28, 0x1d, 0x23, 0x75, 0x93, 0x7e,
     0x2, 0x86,  0x4,  0x3, 0x3e,  0x4,  0x3, 0x11, 0x1a, 0x57,
    0xfe, 0xed, 0x79, 0x96, 0x36, 0x2b, 0x17, 0x40, 0x15, 0x3d,
    0x44, 0x40, 0x51,  0x1, 0xb9,  0xa,  0x5, 0x4c, 0x85, 0x5b,
    0x30, 0x18,  0x5, 0x77, 0xc4, 0x79,  0x0,  0x0,  0x0,  0x1,
     0x0, 0x29,  0x0, 0xa1,  0x0, 0xc5,  0x1, 0x3f,  0x0,  0x7,
     0x0,  0x0, 0x36, 0x22, 0x26, 0x34, 0x36, 0x32, 0x16, 0x14,
    0x99, 0x4a, 0x26, 0x2c, 0x48, 0x28, 0xa1, 0x29, 0x47, 0x2e,
    0x2a, 0x46,  0x0,  0x0,  0x0,  0x1,  0x0, 0x59, 0xff, 0x13,
     0x1, 0x2c,  0x0, 0x1d,  0x0, 0x15,  0x0,  0x0,  0x5, 0x14,
     0x6, 0x23, 0x22, 0x26, 0x34, 0x37, 0x33, 0x1e,  0x1, 0x32,
    0x36, 0x35, 0x34, 0x27, 0x37, 0x33,  0x7, 0x1e,  0x2,  0x1,
    0x2c, 0x51, 0x34, 0x1c, 0x32, 0x25,  0x9,  0x1, 0x1c, 0x28,
    0x17, 0x56, 0x20, 0x34, 0x15, 0x1b, 0x21, 0x24, 0x8d, 0x27,
    0x39, 0x18, 0x26, 0x2c, 0x1b, 0x1d, 0x11,  0xd, 0x1a, 0x2d,
    0x73, 0x49, 0x10, 0x15, 0x29,  0x0,  0x0,  0x1,  0x0, 0x14,
     0x1, 0x4c,  0x0, 0xf4,  0x2, 0xd8,  0x0, 0x1a,  0x0,  0x0,
    0x13, 0x14, 0x33, 0x37, 0x17,  0x7, 0x26, 0x23,  0x7, 0x37,
    0x3e,  0x1, 0x3d,  0x1, 0x34, 0x26, 0x23,  0x7, 0x27, 0x37,
    0x3e,  0x1, 0x37, 0x17,  0x6,  0x7,  0x6, 0xb6, 0x1d, 0x1e,
     0x3,  0x9, 0x40, 0x22, 0x70,  0x5, 0x1f, 0x1c,  0xd, 0x13,
    0x21,  0x4,  0x4, 0x50, 0x50, 0x17,  0x9, 0x15,  0x5,  0x8,
     0x1, 0xaf, 0x2b,  0x1,  0x3, 0x31,  0x2,  0x7, 0x2f,  0x2,
    0x15, 0x18, 0xc5, 0x17,  0xe,  0x2,  0x4, 0x2b,  0x9,  0xb,
     0x3, 0x17, 0x11, 0x20, 0x3e,  0x0,  0x0,  0x0,  0x0,  0x2,
     0x0, 0x17,  0x1, 0x4b,  0x1, 0x4b,  0x2, 0x8a,  0x0,  0x7,
     0x0,  0xf,  0x0,  0x0,  0x0,  0x6, 0x22, 0x26, 0x34, 0x36,
    0x32, 0x16,  0x7, 0x32, 0x35, 0x34, 0x23, 0x22, 0x15, 0x14,
     0x1, 0x4b, 0x58, 0x8d, 0x4f, 0x59, 0x8f, 0x4c, 0x97, 0x2e,
    0x35, 0x2e,  0x1, 0xa7, 0x5c, 0x52, 0x92, 0x5b, 0x50, 0xb4,
    0x4c, 0x77, 0x4c, 0x77,  0x0,  0x2,  0x0, 0x29,  0x0, 0x2c,
     0x1, 0xb3,  0x1, 0x9b,  0x0,  0xc,  0x0, 0x19,  0x0,  0x0,
    0x25, 0x2f,  0x1, 0x36, 0x37, 0x26, 0x27, 0x3f,  0x1, 0x16,
    0x17, 0x15,  0x6,  0x5, 0x2f,  0x1, 0x36, 0x37, 0x26, 0x27,
    0x3f,  0x1, 0x16, 0x17, 0x15,  0x6,  0x1,  0xf, 0x29,  0x4,
    0x24, 0x34, 0x42, 0x16,  0x4, 0x29, 0x40, 0x64, 0x5c, 0xfe,
    0xff, 0x29,  0x4, 0x24, 0x34, 0x42, 0x16,  0x4, 0x29, 0x40,
    0x64, 0x5c, 0x2c, 0x19, 0x10, 0x38, 0x55, 0x6c, 0x23, 0x10,
    0x1a, 0x48, 0x64, 0x14, 0x5c, 0x53, 0x19, 0x10, 0x38, 0x55,
    0x6c, 0x23, 0x10, 0x1a, 0x48, 0x64, 0x14, 0x5c,  0x0,  0x0,
     0x0,  0x4,  0x0, 0x14, 0xff, 0xa3,  0x2, 0xe3,  0x2, 0xa6,
     0x0, 0x1a,  0x0, 0x24,  0x0, 0x34,  0x0, 0x38,  0x0,  0x0,
    0x13, 0x14, 0x33, 0x37, 0x17,  0x7, 0x26, 0x23,  0x7, 0x37,
    0x3e,  0x1, 0x3d,  0x1, 0x34, 0x26, 0x23,  0x7, 0x27, 0x37,
    0x3e,  0x1, 0x37, 0x17,  0x6,  0x7,  0x6, 0x25, 0x17,  0x2,
     0x7,  0x3, 0x2f,  0x1, 0x36, 0x37,  0x1, 0x13, 0x33, 0x17,
     0x7, 0x27, 0x17,  0xf,  0x1, 0x27, 0x36, 0x37, 0x27, 0x3f,
     0x2, 0x17,  0x7, 0x35, 0x23,  0x7, 0xb6, 0x1d, 0x1e,  0x3,
     0x9, 0x40, 0x22, 0x70,  0x5, 0x1f, 0x1c,  0xd, 0x13, 0x21,
     0x4,  0x4, 0x50, 0x50, 0x17,  0x9, 0x15,  0x5,  0x8,  0x1,
    0xbc,  0x7, 0xb0, 0x5a, 0xca, 0x41,  0x5, 0x79, 0x56,  0x1,
     0x6, 0x76, 0x32,  0x7,  0x7, 0x31,  0x4,  0x7, 0x5a,  0x5,
     0x3,  0x1, 0x9b,  0x2, 0xaa,  0x5, 0x47, 0x5d,  0x7, 0x47,
     0x1, 0x60, 0x2b,  0x2,  0x4, 0x31,  0x3,  0x7, 0x2e,  0x2,
    0x16, 0x17, 0xc5, 0x17,  0xe,  0x2,  0x5, 0x2a,  0x9,  0xb,
     0x3, 0x17,  0xf, 0x22, 0x3e, 0x8a, 0x13, 0xfe, 0xf5, 0x8c,
    0xfe, 0xc0, 0x1b,  0xe, 0xb4, 0x88,  0x1, 0x9e, 0xfd, 0xfa,
     0x8, 0x3e,  0x1, 0x54,  0x7,  0x7,  0x6, 0x32, 0x2d,  0x2,
    0x35, 0xee,  0x2,  0x8, 0xdd, 0x68, 0x68,  0x0,  0x0,  0x3,
     0x0, 0x14, 0xff, 0xa3,  0x3,  0x6,  0x2, 0xa6,  0x0, 0x1a,
     0x0, 0x24,  0x0, 0x40,  0x0,  0x0, 0x13, 0x14, 0x33, 0x37,
    0x17,  0x7, 0x26, 0x23,  0x7, 0x37, 0x3e,  0x1, 0x3d,  0x1,
    0x34, 0x26, 0x23,  0x7, 0x27, 0x37, 0x3e,  0x1, 0x37, 0x17,
     0x6,  0x7,  0x6, 0x25, 0x17,  0x2,  0x7,  0x3, 0x2f,  0x1,
    0x36, 0x37,  0x1, 0x13, 0x34, 0x22,  0x7, 0x23, 0x27, 0x3e,
     0x1, 0x32, 0x16, 0x14,  0x6,  0x7, 0x17, 0x33, 0x32, 0x36,
    0x3f,  0x1,  0x6,  0xf,  0x1, 0x26, 0x23,  0x7, 0x27, 0x37,
    0x36, 0xb6, 0x1d, 0x1e,  0x3,  0x9, 0x40, 0x22, 0x70,  0x5,
    0x1f, 0x1c,  0xd, 0x13, 0x21,  0x4,  0x4, 0x50, 0x50, 0x17,
     0x9, 0x15,  0x5,  0x8,  0x1, 0xbc,  0x7, 0xb0, 0x5a, 0xca,
    0x41,  0x5, 0x79, 0x56,  0x1,  0x6, 0x37, 0x59, 0x27,  0xa,
     0xd, 0x18, 0x4d, 0x5c, 0x42, 0x3b, 0x4a,  0x3, 0x39, 0x1d,
    0x19,  0x5, 0x3d,  0xe,  0x4,  0xb, 0x9d, 0x41, 0x37,  0x6,
    0x51, 0x4c,  0x1, 0x60, 0x2b,  0x2,  0x4, 0x31,  0x3,  0x7,
    0x2e,  0x2, 0x16, 0x17, 0xc5, 0x17,  0xe,  0x2,  0x5, 0x2a,
     0x9,  0xb,  0x3, 0x17,  0xf, 0x22, 0x3e, 0x8a, 0x13, 0xfe,
    0xf5, 0x8c, 0xfe, 0xc0, 0x1b,  0xe, 0xb4, 0x88,  0x1, 0x9e,
    0xfe, 0x62, 0x25, 0x35, 0x3e, 0x23, 0x2c, 0x34, 0x53, 0x62,
    0x50,  0x5, 0x19, 0x22,  0x5, 0x4d, 0x37,  0x9,  0x6,  0x6,
    0x30, 0x57, 0x5a,  0x0,  0x0,  0x0,  0x0,  0x4,  0x0, 0x16,
    0xff, 0xa3,  0x2, 0xe3,  0x2, 0xa6,  0x0, 0x22,  0x0, 0x2c,
     0x0, 0x3c,  0x0, 0x40,  0x0,  0x0, 0x13, 0x16, 0x32, 0x36,
    0x35, 0x34, 0x23, 0x2f,  0x1, 0x37, 0x36, 0x35, 0x34, 0x26,
    0x23, 0x22,  0x7, 0x23, 0x27, 0x3e,  0x1, 0x32, 0x16, 0x14,
     0x6,  0x7, 0x15, 0x16, 0x15, 0x14,  0x6, 0x23, 0x22, 0x26,
    0x27,  0x1, 0x17,  0x2,  0x7,  0x3, 0x2f,  0x1, 0x36, 0x37,
     0x1, 0x13, 0x33, 0x17,  0x7, 0x27, 0x17,  0xf,  0x1, 0x27,
    0x36, 0x37, 0x27, 0x3f,  0x2, 0x17,  0x7, 0x35, 0x23,  0x7,
    0x22, 0x1b, 0x43, 0x2d, 0x59,  0x7,  0x6, 0x2c, 0x2d, 0x14,
    0x10, 0x20, 0x28,  0x8, 0x11, 0x17, 0x4c, 0x4d, 0x39, 0x27,
    0x22, 0x5c, 0x7b, 0x4b, 0x1e, 0x1a,  0x3,  0x2, 0x5c,  0x7,
    0xb0, 0x5a, 0xca, 0x41,  0x5, 0x79, 0x56,  0x1,  0x6, 0x76,
    0x32,  0x7,  0x7, 0x31,  0x4,  0x7, 0x5a,  0x5,  0x3,  0x1,
    0x9b,  0x2, 0xaa,  0x5, 0x47, 0x5d,  0x7, 0x47,  0x1, 0x54,
     0xb, 0x1c, 0x16, 0x2d,  0x8, 0x30,  0x9, 0x14, 0x24,  0xe,
    0x12, 0x1b, 0x36, 0x10, 0x1d, 0x2b, 0x3f, 0x2f,  0xd,  0x7,
    0x1c, 0x42, 0x30, 0x51, 0x22, 0x29,  0x1, 0x45, 0x13, 0xfe,
    0xf5, 0x8c, 0xfe, 0xc0, 0x1b,  0xe, 0xb4, 0x88,  0x1, 0x9e,
    0xfd, 0xfa,  0x8, 0x3e,  0x1, 0x54,  0x7,  0x7,  0x6, 0x32,
    0x2d,  0x2, 0x35, 0xee,  0x2,  0x8, 0xdd, 0x68, 0x68,  0x0,
     0x0,  0x2,  0x0,  0xa, 0xff,  0xe,  0x1, 0x41,  0x1, 0xda,
     0x0, 0x19,  0x0, 0x21,  0x0,  0x0, 0x37,  0x6, 0x14, 0x16,
    0x1f,  0x1,  0xf,  0x1, 0x2e,  0x1, 0x35, 0x34, 0x37, 0x3e,
     0x4, 0x3f,  0x1, 0x27, 0x3f,  0x1, 0x1f,  0x1,  0x7,  0x2,
    0x36, 0x32, 0x16, 0x14,  0x6, 0x22, 0x26, 0xb6, 0x34, 0x61,
    0x56,  0x8, 0x25,  0xf, 0x6e, 0x95, 0x27, 0x16, 0x28, 0x2e,
     0x6,  0x8,  0x4,  0x3,  0xf,  0x6, 0x58,  0xc, 0x18,  0x3,
    0x99, 0x2c, 0x49, 0x27, 0x2d, 0x48, 0x27, 0x27, 0x20, 0x57,
    0x34,  0x5,  0xe, 0x54,  0x7,  0x3, 0x63, 0x48, 0x3d, 0x27,
    0x17, 0x1e, 0x20,  0x4,  0x6,  0x2,  0x7, 0x53,  0xb, 0x12,
     0x6, 0x7e,  0xe,  0x1, 0x46, 0x2e, 0x29, 0x47, 0x2e, 0x29,
     0x0,  0x0,  0x0,  0x3, 0xff, 0xf4, 0xff, 0xf8,  0x2, 0x7a,
     0x3, 0x59,  0x0, 0x26,  0x0, 0x2c,  0x0, 0x35,  0x0,  0x0,
     0x5, 0x26, 0x23, 0x22,  0x7, 0x27, 0x37, 0x3e,  0x1, 0x34,
    0x2f,  0x1, 0x26, 0x22,  0xf,  0x1,  0x6, 0x14, 0x16, 0x3b,
     0x1, 0x17,  0x7, 0x26, 0x23,  0x7, 0x37, 0x3e,  0x1, 0x37,
    0x13, 0x37, 0x17, 0x12, 0x17, 0x1e,  0x1, 0x1f,  0x1, 0x25,
    0x32, 0x37, 0x27, 0x23,  0x7,  0x3, 0x27, 0x3f,  0x1, 0x16,
    0x17,  0xf,  0x1, 0x26,  0x2, 0x73, 0x4f, 0x29, 0x50, 0x5c,
     0x6,  0x5, 0x31, 0x1c,  0x5, 0x14, 0x1a, 0x68, 0x38, 0x19,
     0x6, 0x14, 0x1a, 0x2b,  0x4,  0x7, 0x52, 0x40, 0x79,  0x8,
    0x18, 0x1d,  0xc, 0xb2, 0x9f,  0xb, 0x5a, 0x35,  0xb, 0x22,
    0x21,  0x4, 0xfe, 0xac, 0x20, 0x2a, 0x3a,  0xe, 0x48, 0x37,
     0x5, 0x1a,  0xc, 0x73, 0x6c,  0xd,  0xe, 0x7a,  0x3,  0x3,
     0x8,  0x8, 0x3c,  0x4,  0xe, 0x1d, 0x17, 0x4c,  0x1,  0x7,
    0x4b, 0x15, 0x1b,  0xd,  0x7, 0x3f,  0x6,  0x3, 0x43,  0x4,
    0x1d, 0x21,  0x1, 0xfb, 0x10,  0x5, 0xfe, 0xa5, 0xa9, 0x24,
    0x1e,  0x3,  0x7, 0xe6,  0x4, 0xdc, 0xe0,  0x1, 0xdc,  0xd,
    0x4d,  0x5, 0x39, 0x2f, 0x2f,  0x9, 0x26,  0x0,  0x0,  0x3,
    0xff, 0xf4, 0xff, 0xf8,  0x2, 0x7a,  0x3, 0x59,  0x0, 0x26,
     0x0, 0x2c,  0x0, 0x34,  0x0,  0x0,  0x5, 0x26, 0x23, 0x22,
     0x7, 0x27, 0x37, 0x3e,  0x1, 0x34, 0x2f,  0x1, 0x26, 0x22,
     0xf,  0x1,  0x6, 0x14, 0x16, 0x3b,  0x1, 0x17,  0x7, 0x26,
    0x23,  0x7, 0x37, 0x3e,  0x1, 0x37, 0x13, 0x37, 0x17, 0x12,
    0x17, 0x1e,  0x1, 0x1f,  0x1, 0x25, 0x32, 0x37, 0x27, 0x23,
     0x7,  0x1,  0x7,  0x6,  0x7, 0x2f,  0x1, 0x37, 0x17,  0x2,
    0x73, 0x4f, 0x29, 0x50, 0x5c,  0x6,  0x5, 0x31, 0x1c,  0x5,
    0x14, 0x1a, 0x68, 0x38, 0x19,  0x6, 0x14, 0x1a, 0x2b,  0x4,
     0x7, 0x52, 0x40, 0x79,  0x8, 0x18, 0x1d,  0xc, 0xb2, 0x9f,
     0xb, 0x5a, 0x35,  0xb, 0x22, 0x21,  0x4, 0xfe, 0xac, 0x20,
    0x2a, 0x3a,  0xe, 0x48,  0x1,  0xb,  0x6, 0x73, 0x72,  0xd,
     0xd, 0xdf,  0xc,  0x3,  0x3,  0x8,  0x8, 0x3c,  0x4,  0xe,
    0x1d, 0x17, 0x4c,  0x1,  0x7, 0x4b, 0x15, 0x1b,  0xd,  0x7,
    0x3f,  0x6,  0x3, 0x43,  0x4, 0x1d, 0x21,  0x1, 0xfb, 0x10,
     0x5, 0xfe, 0xa5, 0xa9, 0x24, 0x1e,  0x3,  0x7, 0xe6,  0x4,
    0xdc, 0xe0,  0x1, 0xe9,  0xd, 0x1d, 0x24,  0x9, 0x2f, 0x68,
     0x5,  0x0,  0x0,  0x0,  0x0,  0x3, 0xff, 0xf4, 0xff, 0xf8,
     0x2, 0x7a,  0x3, 0x6c,  0x0, 0x26,  0x0, 0x2c,  0x0, 0x3a,
     0x0,  0x0,  0x5, 0x26, 0x23, 0x22,  0x7, 0x27, 0x37, 0x3e,
     0x1, 0x34, 0x2f,  0x1, 0x26, 0x22,  0xf,  0x1,  0x6, 0x14,
    0x16, 0x3b,  0x1, 0x17,  0x7, 0x26, 0x23,  0x7, 0x37, 0x3e,
     0x1, 0x37, 0x13, 0x37, 0x17, 0x12, 0x17, 0x1e,  0x1, 0x1f,
     0x1, 0x25, 0x32, 0x37, 0x27, 0x23,  0x7, 0x13, 0x34, 0x16,
    0x17,  0xf,  0x1, 0x26, 0x27,  0x6,  0x7, 0x2f,  0x1, 0x36,
    0x37,  0x2, 0x73, 0x4f, 0x29, 0x50, 0x5c,  0x6,  0x5, 0x31,
    0x1c,  0x5, 0x14, 0x1a, 0x68, 0x38, 0x19,  0x6, 0x14, 0x1a,
    0x2b,  0x4,  0x7, 0x52, 0x40, 0x79,  0x8, 0x18, 0x1d,  0xc,
    0xb2, 0x9f,  0xb, 0x5a, 0x35,  0xb, 0x22, 0x21,  0x4, 0xfe,
    0xac, 0x20, 0x2a, 0x3a,  0xe, 0x48, 0x68, 0x7e, 0x1f, 0x18,
    0x10, 0x32, 0x4d, 0x30, 0x4e, 0x10, 0x19, 0x49, 0x54,  0x3,
     0x3,  0x8,  0x8, 0x3c,  0x4,  0xe, 0x1d, 0x17, 0x4c,  0x1,
     0x7, 0x4b, 0x15, 0x1b,  0xd,  0x7, 0x3f,  0x6,  0x3, 0x43,
     0x4, 0x1d, 0x21,  0x1, 0xfb, 0x10,  0x5, 0xfe, 0xa5, 0xa9,
    0x24, 0x1e,  0x3,  0x7, 0xe6,  0x4, 0xdc, 0xe0,  0x2, 0x4e,
     0x1, 0x65, 0x18, 0x29,  0x4, 0x19, 0x21, 0x14, 0x26,  0x4,
    0x29, 0x35, 0x47,  0x0,  0x0,  0x0,  0x0,  0x3, 0xff, 0xf4,
    0xff, 0xf8,  0x2, 0x7a,  0x3, 0x55,  0x0, 0x26,  0x0, 0x2c,
     0x0, 0x42,  0x0,  0x0,  0x5, 0x26, 0x23, 0x22,  0x7, 0x27,
    0x37, 0x3e,  0x1, 0x34, 0x2f,  0x1, 0x26, 0x22,  0xf,  0x1,
     0x6, 0x14, 0x16, 0x3b,  0x1, 0x17,  0x7, 0x26, 0x23,  0x7,
    0x37, 0x3e,  0x1, 0x37, 0x13, 0x37, 0x17, 0x12, 0x17, 0x1e,
     0x1, 0x1f,  0x1, 0x25, 0x32, 0x37, 0x27, 0x23,  0x7, 0x12,
    0x16, 0x33, 0x32, 0x3f,  0x1, 0x33, 0x17, 0x15,  0xf,  0x1,
    0x22, 0x26, 0x23, 0x22,  0xf,  0x1, 0x23, 0x27, 0x35, 0x3f,
     0x1,  0x2, 0x73, 0x4f, 0x29, 0x50, 0x5c,  0x6,  0x5, 0x31,
    0x1c,  0x5, 0x14, 0x1a, 0x68, 0x38, 0x19,  0x6, 0x14, 0x1a,
    0x2b,  0x4,  0x7, 0x52, 0x40, 0x79,  0x8, 0x18, 0x1d,  0xc,
    0xb2, 0x9f,  0xb, 0x5a, 0x35,  0xb, 0x22, 0x21,  0x4, 0xfe,
    0xac, 0x20, 0x2a, 0x3a,  0xe, 0x48, 0x1b, 0x76,  0xd, 0x16,
    0x21,  0xb,  0xb, 0x28, 0x4f, 0x10, 0x12, 0x76,  0xc, 0x17,
    0x21,  0xb,  0xb, 0x27, 0x4e, 0x11,  0x3,  0x3,  0x8,  0x8,
    0x3c,  0x4,  0xe, 0x1d, 0x17, 0x4c,  0x1,  0x7, 0x4b, 0x15,
    0x1b,  0xd,  0x7, 0x3f,  0x6,  0x3, 0x43,  0x4, 0x1d, 0x21,
     0x1, 0xfb, 0x10,  0x5, 0xfe, 0xa5, 0xa9, 0x24, 0x1e,  0x3,
     0x7, 0xe6,  0x4, 0xdc, 0xe0,  0x2, 0x25, 0x22, 0x27,  0xd,
    0x25,  0xa, 0x61,  0x4, 0x22, 0x27,  0xd, 0x25,  0xb, 0x60,
     0x4,  0x0,  0x0,  0x0,  0x0,  0x4, 0xff, 0xf4, 0xff, 0xf8,
     0x2, 0x7a,  0x3, 0x42,  0x0, 0x26,  0x0, 0x2c,  0x0, 0x34,
     0x0, 0x3c,  0x0,  0x0,  0x5, 0x26, 0x23, 0x22,  0x7, 0x27,
    0x37, 0x3e,  0x1, 0x34, 0x2f,  0x1, 0x26, 0x22,  0xf,  0x1,
     0x6, 0x14, 0x16, 0x3b,  0x1, 0x17,  0x7, 0x26, 0x23,  0x7,
    0x37, 0x3e,  0x1, 0x37, 0x13, 0x37, 0x17, 0x12, 0x17, 0x1e,
     0x1, 0x1f,  0x1, 0x25, 0x32, 0x37, 0x27, 0x23,  0x7, 0x12,
     0x6, 0x22, 0x26, 0x34, 0x36, 0x32, 0x16,  0xe,  0x1, 0x22,
    0x26, 0x34, 0x36, 0x32, 0x16,  0x2, 0x73, 0x4f, 0x29, 0x50,
    0x5c,  0x6,  0x5, 0x31, 0x1c,  0x5, 0x14, 0x1a, 0x68, 0x38,
    0x19,  0x6, 0x14, 0x1a, 0x2b,  0x4,  0x7, 0x52, 0x40, 0x79,
     0x8, 0x18, 0x1d,  0xc, 0xb2, 0x9f,  0xb, 0x5a, 0x35,  0xb,
    0x22, 0x21,  0x4, 0xfe, 0xac, 0x20, 0x2a, 0x3a,  0xe, 0x48,
    0xf6, 0x25, 0x3b, 0x1f, 0x25, 0x3b, 0x1f, 0xb2, 0x25, 0x3b,
    0x1f, 0x25, 0x3a, 0x20,  0x3,  0x3,  0x8,  0x8, 0x3c,  0x4,
     0xe, 0x1d, 0x17, 0x4c,  0x1,  0x7, 0x4b, 0x15, 0x1b,  0xd,
     0x7, 0x3f,  0x6,  0x3, 0x43,  0x4, 0x1d, 0x21,  0x1, 0xfb,
    0x10,  0x5, 0xfe, 0xa5, 0xa9, 0x24, 0x1e,  0x3,  0x7, 0xe6,
     0x4, 0xdc, 0xe0,  0x1, 0xca, 0x26, 0x21, 0x39, 0x26, 0x21,
    0x39, 0x26, 0x21, 0x39, 0x26, 0x21,  0x0,  0x4, 0xff, 0xf4,
    0xff, 0xf8,  0x2, 0x7a,  0x3, 0x60,  0x0, 0x26,  0x0, 0x2c,
     0x0, 0x36,  0x0, 0x3e,  0x0,  0x0,  0x5, 0x26, 0x23, 0x22,
     0x7, 0x27, 0x37, 0x3e,  0x1, 0x34, 0x2f,  0x1, 0x26, 0x22,
     0xf,  0x1,  0x6, 0x14, 0x16, 0x3b,  0x1, 0x17,  0x7, 0x26,
    0x23,  0x7, 0x37, 0x3e,  0x1, 0x37, 0x13, 0x37, 0x17, 0x12,
    0x17, 0x1e,  0x1, 0x1f,  0x1, 0x25, 0x32, 0x37, 0x27, 0x23,
     0x7, 0x13, 0x32, 0x35, 0x34, 0x26, 0x23, 0x22, 0x15, 0x14,
    0x16, 0x36,  0x6, 0x22, 0x26, 0x34, 0x36, 0x32, 0x16,  0x2,
    0x73, 0x4f, 0x29, 0x50, 0x5c,  0x6,  0x5, 0x31, 0x1c,  0x5,
    0x14, 0x1a, 0x68, 0x38, 0x19,  0x6, 0x14, 0x1a, 0x2b,  0x4,
     0x7, 0x52, 0x40, 0x79,  0x8, 0x18, 0x1d,  0xc, 0xb2, 0x9f,
     0xb, 0x5a, 0x35,  0xb, 0x22, 0x21,  0x4, 0xfe, 0xac, 0x20,
    0x2a, 0x3a,  0xe, 0x48, 0x60, 0x28, 0x18, 0x16, 0x27, 0x1c,
    0x6b, 0x35, 0x56, 0x2e, 0x35, 0x58, 0x2c,  0x3,  0x3,  0x8,
     0x8, 0x3c,  0x4,  0xe, 0x1d, 0x17, 0x4c,  0x1,  0x7, 0x4b,
    0x15, 0x1b,  0xd,  0x7, 0x3f,  0x6,  0x3, 0x43,  0x4, 0x1d,
    0x21,  0x1, 0xfb, 0x10,  0x5, 0xfe, 0xa5, 0xa9, 0x24, 0x1e,
     0x3,  0x7, 0xe6,  0x4, 0xdc, 0xe0,  0x1, 0xbd, 0x24, 0x13,
    0x17, 0x24, 0x15, 0x15,  0x5, 0x3a, 0x32, 0x52, 0x36, 0x32,
     0x0,  0x0,  0x0,  0x2, 0xff, 0xfc, 0xff, 0xf8,  0x3, 0x50,
     0x2, 0x8e,  0x0, 0x44,  0x0, 0x49,  0x0,  0x0, 0x24, 0x36,
    0x35, 0x34, 0x27,  0xf,  0x2,  0x6, 0x14, 0x16, 0x33, 0x17,
     0x7, 0x2e,  0x2, 0x23,  0x7, 0x27, 0x3e,  0x1, 0x37, 0x13,
    0x26, 0x23,  0x7, 0x27, 0x37, 0x16, 0x20, 0x37, 0x17,  0x6,
     0xf,  0x1, 0x36, 0x35, 0x34, 0x26, 0x22,  0x6,  0x7, 0x17,
    0x3f,  0x1, 0x17,  0xf,  0x2, 0x17, 0x1e,  0x1, 0x33, 0x32,
    0x36, 0x3f,  0x1, 0x17,  0x6,  0xf,  0x1, 0x26, 0x2b,  0x1,
    0x22,  0x7, 0x27, 0x37,  0x3, 0x3f,  0x1, 0x27, 0x23,  0x1,
    0x72, 0x20, 0x10, 0x57, 0x54, 0x2d,  0xb, 0x17, 0x20, 0x21,
     0x6,  0x1, 0x3a, 0x51, 0x1a, 0x4a,  0x5,  0xa, 0x23,  0xf,
    0xd0,  0x4, 0x15, 0x1f,  0x6,  0x8, 0x6f,  0x1, 0x6f, 0x54,
     0x8, 0x12,  0x5, 0x5b,  0x2, 0x2c, 0x77, 0x12,  0x1, 0x1a,
    0x60, 0x60,  0xb,  0xd, 0x5b, 0x58, 0x14,  0x6, 0x21, 0x1f,
    0x54, 0x31,  0xa, 0x55,  0x7, 0x12,  0xa,  0x9, 0xd2, 0x54,
    0x26, 0x47, 0x58,  0x5,  0x4, 0x43, 0x41, 0x3e, 0x17,  0xf,
    0x40, 0x13, 0x13, 0x18, 0x7b,  0xb, 0x10, 0x61, 0x19, 0x1a,
     0xa,  0x5, 0x41,  0x1,  0x2,  0x3,  0x3, 0x3c,  0x2, 0x29,
    0x1e,  0x1, 0xa9, 0x16,  0x2,  0x9, 0x3d,  0x3,  0xc,  0xb,
    0x59, 0x5d,  0x6, 0x1a,  0xe, 0x29, 0x16,  0xa, 0x11, 0xb6,
     0xc, 0x13,  0xa, 0x54,  0x7,  0xa, 0x7b, 0x24, 0x20, 0x28,
    0x4b,  0x7,  0xa, 0x5a, 0x60,  0xb,  0x7,  0x8,  0x8, 0x3c,
     0x1,  0x1,  0x4,  0x8, 0xb5,  0x0,  0x0,  0x1,  0x0, 0x1c,
    0xff, 0x13,  0x2, 0x3f,  0x2, 0x8e,  0x0, 0x32,  0x0,  0x0,
    0x16, 0x26, 0x10, 0x36, 0x33, 0x32, 0x1f,  0x1,  0x6,  0xf,
     0x1, 0x36, 0x35, 0x34, 0x26, 0x23, 0x22, 0x15, 0x14, 0x16,
    0x33, 0x32, 0x36, 0x3f,  0x1,  0x6,  0xf,  0x1,  0x6,  0xf,
     0x1, 0x1e,  0x2, 0x15, 0x14,  0x6, 0x23, 0x22, 0x26, 0x34,
    0x37, 0x33, 0x1e,  0x1, 0x32, 0x36, 0x35, 0x34, 0x27, 0x37,
    0xad, 0x91, 0xbe, 0xa0, 0x4f, 0x70,  0x6, 0x14,  0x6, 0x63,
     0x2, 0x35, 0x38, 0x9f, 0x58, 0x4e, 0x36, 0x3c,  0xc, 0x63,
    0x11,  0x3,  0xa, 0x53, 0x6e,  0x9, 0x1b, 0x21, 0x24, 0x51,
    0x34, 0x1c, 0x32, 0x25,  0x9,  0x1, 0x1c, 0x28, 0x17, 0x56,
    0x15,  0x3, 0xa6,  0x1, 0x2d, 0xbe, 0x19,  0xd, 0x53, 0x6a,
     0x7, 0x1b, 0x1a, 0x2b, 0x29, 0xdb, 0x7a, 0x86, 0x41, 0x49,
     0x7, 0x68, 0x53,  0xc, 0x22,  0x5, 0x21, 0x10, 0x15, 0x29,
    0x13, 0x27, 0x39, 0x18, 0x26, 0x2c, 0x1b, 0x1d, 0x11,  0xd,
    0x1a, 0x2d, 0x4b,  0x0,  0x0,  0x2,  0x0, 0x24, 0xff, 0xf6,
     0x2, 0x2f,  0x3, 0x59,  0x0, 0x31,  0x0, 0x3a,  0x0,  0x0,
    0x13, 0x17, 0x37, 0x17,  0x7, 0x26, 0x22,  0x7,  0x6, 0x14,
    0x16, 0x32, 0x3e,  0x2, 0x3f,  0x1, 0x17,  0x6,  0xf,  0x1,
    0x26, 0x23, 0x22,  0x7, 0x37, 0x3e,  0x1, 0x35, 0x13, 0x34,
    0x26, 0x23,  0x7, 0x27, 0x37, 0x16, 0x20, 0x37, 0x17,  0x6,
     0xf,  0x1, 0x36, 0x35, 0x34, 0x26, 0x22,  0x6,  0x7, 0x2f,
     0x1, 0x3f,  0x1, 0x16, 0x17,  0xf,  0x1, 0x26, 0xfd, 0x5d,
    0x74,  0x8,  0xe, 0x50, 0x4b, 0x33,  0x3, 0x15, 0x5c, 0x34,
    0x24,  0xd,  0x6, 0x55,  0x7, 0x12,  0xa,  0x9, 0xbc, 0x52,
    0x7a, 0x5e,  0x8, 0x29, 0x1f,  0x1,  0xd, 0x14, 0x1e,  0x7,
     0x8, 0x6e,  0x1, 0x20, 0x5b,  0x8, 0x12,  0x5, 0x5c,  0x2,
    0x2a, 0x77, 0x11,  0x1, 0x69,  0x5, 0x1a,  0xc, 0x73, 0x6c,
     0xd,  0xe, 0x7a,  0x1, 0x72,  0x1,  0x8,  0x9, 0x56,  0x3,
     0x6, 0x6d, 0x47, 0x14,  0x7, 0x1a, 0x29, 0x28,  0x7,  0xa,
    0x5a, 0x60,  0xb,  0x7,  0xa, 0x44,  0x6, 0x25, 0x2b,  0x1,
    0x7b, 0x21, 0x15,  0x2,  0x9, 0x3d,  0x3,  0xc,  0xb, 0x59,
    0x5d,  0x6, 0x1a,  0xe, 0x29, 0x16,  0xb, 0x16, 0xed,  0xd,
    0x4d,  0x5, 0x39, 0x2f, 0x2f,  0x9, 0x26,  0x0,  0x0,  0x2,
     0x0, 0x24, 0xff, 0xf6,  0x2, 0x2f,  0x3, 0x59,  0x0, 0x31,
     0x0, 0x39,  0x0,  0x0, 0x13, 0x17, 0x37, 0x17,  0x7, 0x26,
    0x22,  0x7,  0x6, 0x14, 0x16, 0x32, 0x3e,  0x2, 0x3f,  0x1,
    0x17,  0x6,  0xf,  0x1, 0x26, 0x23, 0x22,  0x7, 0x37, 0x3e,
     0x1, 0x35, 0x13, 0x34, 0x26, 0x23,  0x7, 0x27, 0x37, 0x16,
    0x20, 0x37, 0x17,  0x6,  0xf,  0x1, 0x36, 0x35, 0x34, 0x26,
    0x22,  0x6,  0x7, 0x37,  0x7,  0x6,  0x7, 0x2f,  0x1, 0x37,
    0x17, 0xfd, 0x5d, 0x74,  0x8,  0xe, 0x50, 0x4b, 0x33,  0x3,
    0x15, 0x5c, 0x34, 0x24,  0xd,  0x6, 0x55,  0x7, 0x12,  0xa,
     0x9, 0xbc, 0x52, 0x7a, 0x5e,  0x8, 0x29, 0x1f,  0x1,  0xd,
    0x14, 0x1e,  0x7,  0x8, 0x6e,  0x1, 0x20, 0x5b,  0x8, 0x12,
     0x5, 0x5c,  0x2, 0x2a, 0x77, 0x11,  0x1, 0xe8,  0x6, 0x73,
    0x72,  0xd,  0xd, 0xdf,  0xc,  0x1, 0x72,  0x1,  0x8,  0x9,
    0x56,  0x3,  0x6, 0x6d, 0x47, 0x14,  0x7, 0x1a, 0x29, 0x28,
     0x7,  0xa, 0x5a, 0x60,  0xb,  0x7,  0xa, 0x44,  0x6, 0x25,
    0x2b,  0x1, 0x7b, 0x21, 0x15,  0x2,  0x9, 0x3d,  0x3,  0xc,
     0xb, 0x59, 0x5d,  0x6, 0x1a,  0xe, 0x29, 0x16,  0xb, 0x16,
    0xfa,  0xd, 0x1d, 0x24,  0x9, 0x2f, 0x68,  0x5,  0x0,  0x2,
     0x0, 0x24, 0xff, 0xf6,  0x2, 0x2f,  0x3, 0x6c,  0x0, 0x31,
     0x0, 0x3f,  0x0,  0x0, 0x13, 0x17, 0x37, 0x17,  0x7, 0x26,
    0x22,  0x7,  0x6, 0x14, 0x16, 0x32, 0x3e,  0x2, 0x3f,  0x1,
    0x17,  0x6,  0xf,  0x1, 0x26, 0x23, 0x22,  0x7, 0x37, 0x3e,
     0x1, 0x35, 0x13, 0x34, 0x26, 0x23,  0x7, 0x27, 0x37, 0x16,
    0x20, 0x37, 0x17,  0x6,  0xf,  0x1, 0x36, 0x35, 0x34, 0x26,
    0x22,  0x6,  0x7, 0x13, 0x34, 0x16, 0x17,  0xf,  0x1, 0x26,
    0x27,  0x6,  0x7, 0x2f,  0x1, 0x36, 0x37, 0xfd, 0x5d, 0x74,
     0x8,  0xe, 0x50, 0x4b, 0x33,  0x3, 0x15, 0x5c, 0x34, 0x24,
     0xd,  0x6, 0x55,  0x7, 0x12,  0xa,  0x9, 0xbc, 0x52, 0x7a,
    0x5e,  0x8, 0x29, 0x1f,  0x1,  0xd, 0x14, 0x1e,  0x7,  0x8,
    0x6e,  0x1, 0x20, 0x5b,  0x8, 0x12,  0x5, 0x5c,  0x2, 0x2a,
    0x77, 0x11,  0x1, 0x45, 0x7e, 0x1f, 0x18, 0x10, 0x32, 0x4d,
    0x30, 0x4e, 0x10, 0x19, 0x49, 0x54,  0x1, 0x72,  0x1,  0x8,
     0x9, 0x56,  0x3,  0x6, 0x6d, 0x47, 0x14,  0x7, 0x1a, 0x29,
    0x28,  0x7,  0xa, 0x5a, 0x60,  0xb,  0x7,  0xa, 0x44,  0x6,
    0x25, 0x2b,  0x1, 0x7b, 0x21, 0x15,  0x2,  0x9, 0x3d,  0x3,
     0xc,  0xb, 0x59, 0x5d,  0x6, 0x1a,  0xe, 0x29, 0x16,  0xb,
    0x16,  0x1, 0x5f,  0x1, 0x65, 0x18, 0x29,  0x4, 0x19, 0x21,
    0x14, 0x26,  0x4, 0x29, 0x35, 0x47,  0x0,  0x0,  0x0,  0x3,
     0x0, 0x24, 0xff, 0xf6,  0x2, 0x2f,  0x3, 0x42,  0x0, 0x31,
     0x0, 0x39,  0x0, 0x41,  0x0,  0x0, 0x13, 0x17, 0x37, 0x17,
     0x7, 0x26, 0x22,  0x7,  0x6, 0x14, 0x16, 0x32, 0x3e,  0x2,
    0x3f,  0x1, 0x17,  0x6,  0xf,  0x1, 0x26, 0x23, 0x22,  0x7,
    0x37, 0x3e,  0x1, 0x35, 0x13, 0x34, 0x26, 0x23,  0x7, 0x27,
    0x37, 0x16, 0x20, 0x37, 0x17,  0x6,  0xf,  0x1, 0x36, 0x35,
    0x34, 0x26, 0x22,  0x6,  0x7, 0x36,  0x6, 0x22, 0x26, 0x34,
    0x36, 0x32, 0x16,  0xe,  0x1, 0x22, 0x26, 0x34, 0x36, 0x32,
    0x16, 0xfd, 0x5d, 0x74,  0x8,  0xe, 0x50, 0x4b, 0x33,  0x3,
    0x15, 0x5c, 0x34, 0x24,  0xd,  0x6, 0x55,  0x7, 0x12,  0xa,
     0x9, 0xbc, 0x52, 0x7a, 0x5e,  0x8, 0x29, 0x1f,  0x1,  0xd,
    0x14, 0x1e,  0x7,  0x8, 0x6e,  0x1, 0x20, 0x5b,  0x8, 0x12,
     0x5, 0x5c,  0x2, 0x2a, 0x77, 0x11,  0x1, 0xd2, 0x25, 0x3b,
    0x1f, 0x25, 0x3b, 0x1f, 0xb2, 0x25, 0x3b, 0x1f, 0x25, 0x3a,
    0x20,  0x1, 0x72,  0x1,  0x8,  0x9, 0x56,  0x3,  0x6, 0x6d,
    0x47, 0x14,  0x7, 0x1a, 0x29, 0x28,  0x7,  0xa, 0x5a, 0x60,
     0xb,  0x7,  0xa, 0x44,  0x6, 0x25, 0x2b,  0x1, 0x7b, 0x21,
    0x15,  0x2,  0x9, 0x3d,  0x3,  0xc,  0xb, 0x59, 0x5d,  0x6,
    0x1a,  0xe, 0x29, 0x16,  0xb, 0x16, 0xdb, 0x26, 0x21, 0x39,
    0x26, 0x21, 0x39, 0x26, 0x21, 0x39, 0x26, 0x21,  0x0,  0x2,
     0x0, 0x12, 0xff, 0xf7,  0x1, 0x4e,  0x3, 0x59,  0x0, 0x1c,
     0x0, 0x25,  0x0,  0x0, 0x13, 0x17, 0x37,  0x7,  0xe,  0x1,
     0x7,  0x6, 0x15, 0x14, 0x16, 0x33, 0x37, 0x17,  0x7, 0x26,
    0x23, 0x22,  0x7, 0x37, 0x3e,  0x1, 0x35, 0x13, 0x34, 0x26,
    0x23,  0x7, 0x2f,  0x2, 0x3f,  0x1, 0x16, 0x17,  0xf,  0x1,
    0x26, 0x30, 0x8c, 0x8e,  0x6, 0x26, 0x18,  0x2,  0xc,  0xf,
    0x17, 0x2b,  0x5,  0x9, 0x68, 0x23, 0x45, 0x51,  0x7, 0x2c,
    0x1d,  0x1,  0xe, 0x16, 0x23,  0x5, 0x12,  0x5, 0x1a,  0xc,
    0x73, 0x6c,  0xd,  0xe, 0x7a,  0x2, 0x83,  0x1,  0x7, 0x43,
     0x5, 0x15, 0x1c, 0xcf, 0xbc, 0x29, 0x1b,  0x3,  0x7, 0x40,
     0x3,  0x9, 0x41,  0x9, 0x22, 0x29,  0x1, 0x81, 0x1f, 0x15,
     0x1,  0x8, 0xb2,  0xd, 0x4d,  0x5, 0x39, 0x2f, 0x2f,  0x9,
    0x26,  0x0,  0x0,  0x2,  0x0, 0x24, 0xff, 0xf7,  0x1, 0x68,
     0x3, 0x59,  0x0, 0x1c,  0x0, 0x24,  0x0,  0x0, 0x13, 0x17,
    0x37,  0x7,  0xe,  0x1,  0x7,  0x6, 0x15, 0x14, 0x16, 0x33,
    0x37, 0x17,  0x7, 0x26, 0x23, 0x22,  0x7, 0x37, 0x3e,  0x1,
    0x35, 0x13, 0x34, 0x26, 0x23,  0x7, 0x27, 0x25,  0x7,  0x6,
     0x7, 0x2f,  0x1, 0x37, 0x17, 0x30, 0x8c, 0x8e,  0x6, 0x26,
    0x18,  0x2,  0xc,  0xf, 0x17, 0x2b,  0x5,  0x9, 0x68, 0x23,
    0x45, 0x51,  0x7, 0x2c, 0x1d,  0x1,  0xe, 0x16, 0x23,  0x5,
     0x1, 0x3f,  0x6, 0x73, 0x72,  0xd,  0xd, 0xdf,  0xc,  0x2,
    0x83,  0x1,  0x7, 0x43,  0x5, 0x15, 0x1c, 0xcf, 0xbc, 0x29,
    0x1b,  0x3,  0x7, 0x40,  0x3,  0x9, 0x41,  0x9, 0x22, 0x29,
     0x1, 0x81, 0x1f, 0x15,  0x1,  0x8, 0xbf,  0xd, 0x1d, 0x24,
     0x9, 0x2f, 0x68,  0x5,  0x0,  0x0,  0x0,  0x2,  0x0, 0x13,
    0xff, 0xf7,  0x1, 0x61,  0x3, 0x6c,  0x0, 0x1c,  0x0, 0x2a,
     0x0,  0x0, 0x13, 0x17, 0x37,  0x7,  0xe,  0x1,  0x7,  0x6,
    0x15, 0x14, 0x16, 0x33, 0x37, 0x17,  0x7, 0x26, 0x23, 0x22,
     0x7, 0x37, 0x3e,  0x1, 0x35, 0x13, 0x34, 0x26, 0x23,  0x7,
    0x27, 0x13, 0x34, 0x16, 0x17,  0xf,  0x1, 0x26, 0x27,  0x6,
     0x7, 0x2f,  0x1, 0x36, 0x37, 0x30, 0x8c, 0x8e,  0x6, 0x26,
    0x18,  0x2,  0xc,  0xf, 0x17, 0x2b,  0x5,  0x9, 0x68, 0x23,
    0x45, 0x51,  0x7, 0x2c, 0x1d,  0x1,  0xe, 0x16, 0x23,  0x5,
    0x9b, 0x7e, 0x1f, 0x18, 0x10, 0x32, 0x4d, 0x30, 0x4e, 0x10,
    0x19, 0x49, 0x54,  0x2, 0x83,  0x1,  0x7, 0x43,  0x5, 0x15,
    0x1c, 0xcf, 0xbc, 0x29, 0x1b,  0x3,  0x7, 0x40,  0x3,  0x9,
    0x41,  0x9, 0x22, 0x29,  0x1, 0x81, 0x1f, 0x15,  0x1,  0x8,
     0x1, 0x24,  0x1, 0x65, 0x18, 0x29,  0x4, 0x19, 0x21, 0x14,
    0x26,  0x4, 0x29, 0x35, 0x47,  0x0,  0x0,  0x3,  0x0, 0x21,
    0xff, 0xf7,  0x1, 0x52,  0x3, 0x42,  0x0, 0x1c,  0x0, 0x24,
     0x0, 0x2c,  0x0,  0x0, 0x13, 0x17, 0x37,  0x7,  0xe,  0x1,
     0x7,  0x6, 0x15, 0x14, 0x16, 0x33, 0x37, 0x17,  0x7, 0x26,
    0x23, 0x22,  0x7, 0x37, 0x3e,  0x1, 0x35, 0x13, 0x34, 0x26,
    0x23,  0x7, 0x27, 0x24,  0x6, 0x22, 0x26, 0x34, 0x36, 0x32,
    0x16,  0xe,  0x1, 0x22, 0x26, 0x34, 0x36, 0x32, 0x16, 0x30,
    0x8c, 0x8e,  0x6, 0x26, 0x18,  0x2,  0xc,  0xf, 0x17, 0x2b,
     0x5,  0x9, 0x68, 0x23, 0x45, 0x51,  0x7, 0x2c, 0x1d,  0x1,
     0xe, 0x16, 0x23,  0x5,  0x1, 0x29, 0x25, 0x3b, 0x1f, 0x25,
    0x3b, 0x1f, 0xb2, 0x25, 0x3b, 0x1f, 0x25, 0x3a, 0x20,  0x2,
    0x83,  0x1,  0x7, 0x43,  0x5, 0x15, 0x1c, 0xcf, 0xbc, 0x29,
    0x1b,  0x3,  0x7, 0x40,  0x3,  0x9, 0x41,  0x9, 0x22, 0x29,
     0x1, 0x81, 0x1f, 0x15,  0x1,  0x8, 0xa0, 0x26, 0x21, 0x39,
    0x26, 0x21, 0x39, 0x26, 0x21, 0x39, 0x26, 0x21,  0x0,  0x0,
     0x0,  0x2,  0x0,  0x8, 0xff, 0xf4,  0x2, 0xa8,  0x2, 0x87,
     0x0, 0x1b,  0x0, 0x2c,  0x0,  0x0,  0x5, 0x26, 0x23, 0x22,
     0x7, 0x37, 0x3e,  0x1, 0x3d,  0x1, 0x23, 0x27, 0x37, 0x33,
    0x35, 0x34, 0x26, 0x23,  0x7, 0x27, 0x37, 0x16, 0x33, 0x37,
    0x32, 0x16, 0x10,  0x6, 0x27, 0x32, 0x35, 0x34, 0x26, 0x23,
    0x22,  0x6,  0xf,  0x1, 0x37, 0x17,  0x7, 0x23,  0x7, 0x14,
    0x16,  0x1, 0x4d, 0x5f, 0x28, 0x3f, 0x52,  0x7, 0x2d, 0x1b,
    0x74,  0x8,  0xa, 0x72,  0xc, 0x13, 0x21,  0x6,  0x8, 0x58,
    0x28, 0x9e, 0x97, 0xad, 0xc3, 0x8c, 0xb1, 0x6b, 0x70, 0x10,
     0xc,  0x1,  0x8, 0x7d,  0x6,  0x6, 0x7f,  0x2, 0x21,  0xc,
     0xc,  0xa, 0x44,  0x8, 0x27, 0x39, 0x7c,  0x7, 0x3c, 0xa9,
    0x20, 0x16,  0x2,  0x9, 0x3e,  0x3,  0x5, 0xa0, 0xfe, 0xd6,
    0xc9, 0x57, 0xf1, 0x7f, 0x75,  0xa,  0xe, 0xb7,  0x2,  0x9,
    0x3c, 0x8c, 0x2b, 0x1c,  0x0,  0x0,  0x0,  0x2,  0x0, 0x22,
    0xff, 0xe5,  0x2, 0xc7,  0x3, 0x55,  0x0, 0x2b,  0x0, 0x41,
     0x0,  0x0,  0x1,  0x7, 0x27, 0x37, 0x16, 0x33, 0x37,  0x7,
     0xe,  0x1,  0x7,  0x3,  0x7, 0x26, 0x27, 0x23,  0x3, 0x14,
    0x16, 0x33, 0x37, 0x17,  0x7, 0x26, 0x23, 0x22,  0x7, 0x37,
    0x36, 0x37, 0x13, 0x34, 0x26, 0x2f,  0x1, 0x37, 0x16, 0x33,
    0x37, 0x16, 0x17, 0x33,  0x3, 0x26,  0x2, 0x16, 0x33, 0x32,
    0x3f,  0x1, 0x33, 0x17, 0x15,  0xf,  0x1, 0x22, 0x26, 0x23,
    0x22,  0xf,  0x1, 0x23, 0x27, 0x35, 0x3f,  0x1,  0x1, 0xef,
    0x22,  0x4,  0x7, 0x55, 0x2c, 0x76,  0x5, 0x21, 0x1d,  0x1,
     0xd, 0x6a, 0x94, 0x8f,  0xa,  0x1,  0xf, 0x13, 0x2b,  0x6,
     0xa, 0x56, 0x21, 0x39, 0x4c,  0x8, 0x3a,  0x1,  0xd, 0x20,
    0x31,  0x8,  0x7, 0x43, 0x31, 0x60, 0x83, 0x88,  0xa,  0x2,
     0x1, 0xd8, 0x76,  0xd, 0x16, 0x21,  0xb,  0xb, 0x28, 0x4f,
    0x10, 0x12, 0x76,  0xc, 0x17, 0x21,  0xb,  0xb, 0x27, 0x4e,
    0x11,  0x2, 0x41,  0x1,  0x8, 0x3e,  0x4,  0x5, 0x43,  0x5,
    0x1c, 0x1e, 0xfd, 0xed,  0xd, 0xed, 0xcf, 0xfe, 0xcc, 0x19,
    0x14,  0x3,  0x7, 0x40,  0x4,  0x8, 0x43,  0x7, 0x38,  0x1,
    0x8b, 0x20, 0x19,  0x5,  0xa, 0x3a,  0x5,  0x4, 0xd5, 0xc6,
     0x1, 0x2b, 0x2b,  0x1,  0x2, 0x22, 0x27,  0xd, 0x25,  0xa,
    0x61,  0x4, 0x22, 0x27,  0xd, 0x25,  0xb, 0x60,  0x4,  0x0,
     0x0,  0x3,  0x0, 0x1c, 0xff, 0xf4,  0x2, 0x86,  0x3, 0x59,
     0x0,  0x7,  0x0,  0xf,  0x0, 0x18,  0x0,  0x0, 0x36, 0x16,
    0x32, 0x36, 0x34, 0x26, 0x22,  0x6,  0x0,  0x6, 0x20, 0x26,
    0x10, 0x36, 0x20, 0x16,  0x1, 0x27, 0x3f,  0x1, 0x16, 0x17,
     0xf,  0x1, 0x26, 0xb7, 0x52, 0x92, 0x4f, 0x54, 0x93, 0x4c,
     0x1, 0xcf, 0xb6, 0xfe, 0xe6, 0x9a, 0xb4,  0x1, 0x1c, 0x9a,
    0xfe, 0x25,  0x5, 0x1a,  0xc, 0x73, 0x6c,  0xd,  0xe, 0x7a,
    0xd5, 0x8a, 0x6f, 0xea, 0x89, 0x6f, 0xfe, 0xf8, 0xc2, 0xaa,
     0x1, 0x30, 0xc0, 0xa6,  0x1, 0x12,  0xd, 0x4d,  0x5, 0x39,
    0x2f, 0x2f,  0x9, 0x26,  0x0,  0x0,  0x0,  0x3,  0x0, 0x1c,
    0xff, 0xf4,  0x2, 0x86,  0x3, 0x59,  0x0,  0x7,  0x0,  0xf,
     0x0, 0x17,  0x0,  0x0, 0x36, 0x16, 0x32, 0x36, 0x34, 0x26,
    0x22,  0x6,  0x0,  0x6, 0x20, 0x26, 0x10, 0x36, 0x20, 0x16,
     0x3,  0x7,  0x6,  0x7, 0x2f,  0x1, 0x37, 0x17, 0xb7, 0x52,
    0x92, 0x4f, 0x54, 0x93, 0x4c,  0x1, 0xcf, 0xb6, 0xfe, 0xe6,
    0x9a, 0xb4,  0x1, 0x1c, 0x9a, 0x8a,  0x6, 0x73, 0x72,  0xd,
     0xd, 0xdf,  0xc, 0xd5, 0x8a, 0x6f, 0xea, 0x89, 0x6f, 0xfe,
    0xf8, 0xc2, 0xaa,  0x1, 0x30, 0xc0, 0xa6,  0x1, 0x1f,  0xd,
    0x1d, 0x24,  0x9, 0x2f, 0x68,  0x5,  0x0,  0x0,  0x0,  0x3,
     0x0, 0x1c, 0xff, 0xf4,  0x2, 0x86,  0x3, 0x6c,  0x0,  0x7,
     0x0,  0xf,  0x0, 0x1d,  0x0,  0x0, 0x36, 0x16, 0x32, 0x36,
    0x34, 0x26, 0x22,  0x6,  0x0,  0x6, 0x20, 0x26, 0x10, 0x36,
    0x20, 0x16,  0x1, 0x34, 0x16, 0x17,  0xf,  0x1, 0x26, 0x27,
     0x6,  0x7, 0x2f,  0x1, 0x36, 0x37, 0xb7, 0x52, 0x92, 0x4f,
    0x54, 0x93, 0x4c,  0x1, 0xcf, 0xb6, 0xfe, 0xe6, 0x9a, 0xb4,
     0x1, 0x1c, 0x9a, 0xfe, 0xd2, 0x7e, 0x1f, 0x18, 0x10, 0x32,
    0x4d, 0x30, 0x4e, 0x10, 0x19, 0x49, 0x54, 0xd5, 0x8a, 0x6f,
    0xea, 0x89, 0x6f, 0xfe, 0xf8, 0xc2, 0xaa,  0x1, 0x30, 0xc0,
    0xa6,  0x1, 0x84,  0x1, 0x65, 0x18, 0x29,  0x4, 0x19, 0x21,
    0x14, 0x26,  0x4, 0x29, 0x35, 0x47,  0x0,  0x3,  0x0, 0x1c,
    0xff, 0xf4,  0x2, 0x86,  0x3, 0x55,  0x0,  0x7,  0x0,  0xf,
     0x0, 0x25,  0x0,  0x0, 0x36, 0x16, 0x32, 0x36, 0x34, 0x26,
    0x22,  0x6,  0x0,  0x6, 0x20, 0x26, 0x10, 0x36, 0x20, 0x16,
     0x0, 0x16, 0x33, 0x32, 0x3f,  0x1, 0x33, 0x17, 0x15,  0xf,
     0x1, 0x22, 0x26, 0x23, 0x22,  0xf,  0x1, 0x23, 0x27, 0x35,
    0x3f,  0x1, 0xb7, 0x52, 0x92, 0x4f, 0x54, 0x93, 0x4c,  0x1,
    0xcf, 0xb6, 0xfe, 0xe6, 0x9a, 0xb4,  0x1, 0x1c, 0x9a, 0xfe,
    0x85, 0x76,  0xd, 0x16, 0x21,  0xb,  0xb, 0x28, 0x4f, 0x10,
    0x12, 0x76,  0xc, 0x17, 0x21,  0xb,  0xb, 0x27, 0x4e, 0x11,
    0xd5, 0x8a, 0x6f, 0xea, 0x89, 0x6f, 0xfe, 0xf8, 0xc2, 0xaa,
     0x1, 0x30, 0xc0, 0xa6,  0x1, 0x5b, 0x22, 0x27,  0xd, 0x25,
     0xa, 0x61,  0x4, 0x22, 0x27,  0xd, 0x25,  0xb, 0x60,  0x4,
     0x0,  0x4,  0x0, 0x1c, 0xff, 0xf4,  0x2, 0x86,  0x3, 0x42,
     0x0,  0x7,  0x0,  0xf,  0x0, 0x17,  0x0, 0x1f,  0x0,  0x0,
    0x36, 0x16, 0x32, 0x36, 0x34, 0x26, 0x22,  0x6,  0x0,  0x6,
    0x20, 0x26, 0x10, 0x36, 0x20, 0x16,  0x2,  0x6, 0x22, 0x26,
    0x34, 0x36, 0x32, 0x16,  0xe,  0x1, 0x22, 0x26, 0x34, 0x36,
    0x32, 0x16, 0xb7, 0x52, 0x92, 0x4f, 0x54, 0x93, 0x4c,  0x1,
    0xcf, 0xb6, 0xfe, 0xe6, 0x9a, 0xb4,  0x1, 0x1c, 0x9a, 0xa0,
    0x25, 0x3b, 0x1f, 0x25, 0x3b, 0x1f, 0xb2, 0x25, 0x3b, 0x1f,
    0x25, 0x3a, 0x20, 0xd5, 0x8a, 0x6f, 0xea, 0x89, 0x6f, 0xfe,
    0xf8, 0xc2, 0xaa,  0x1, 0x30, 0xc0, 0xa6,  0x1,  0x0, 0x26,
    0x21, 0x39, 0x26, 0x21, 0x39, 0x26, 0x21, 0x39, 0x26, 0x21,
     0x0,  0x0,  0x0,  0x1,  0x0, 0x34,  0x0, 0x36,  0x1, 0xc4,
     0x1, 0xc4,  0x0, 0x11,  0x0,  0x0,  0x1, 0x1f,  0x1,  0x7,
    0x17,  0xf,  0x1, 0x27,  0x7, 0x2f,  0x1, 0x36, 0x37, 0x27,
    0x3f,  0x1, 0x16, 0x17,  0x1, 0x7b,  0xc, 0x39, 0x7f, 0x83,
     0x5, 0x48, 0x7c, 0x7b,  0xe, 0x33, 0x3f, 0x38, 0x82,  0x3,
    0x4a, 0x42, 0x3a,  0x1, 0xc4,  0x5, 0x46, 0x80, 0x7a,  0xd,
    0x3a, 0x7b, 0x7d,  0x3, 0x48, 0x3e, 0x38, 0x81,  0xe, 0x35,
    0x44, 0x39,  0x0,  0x0,  0x0,  0x3,  0x0, 0x1c, 0xff, 0x95,
     0x2, 0x86,  0x2, 0xd9,  0x0, 0x13,  0x0, 0x1a,  0x0, 0x21,
     0x0,  0x0, 0x37, 0x26, 0x10, 0x36, 0x33, 0x32, 0x17, 0x37,
    0x1f,  0x1,  0x7, 0x16, 0x10,  0x6, 0x23, 0x22, 0x27,  0x7,
    0x2f,  0x1, 0x25, 0x32, 0x36, 0x34, 0x27,  0x3, 0x16,  0x2,
     0x6, 0x14, 0x17, 0x13, 0x26, 0x23, 0x84, 0x68, 0xb4, 0x94,
    0x42, 0x35, 0x3b, 0x3e,  0x3, 0x39, 0x68, 0xb6, 0x95, 0x3e,
    0x39, 0x46, 0x3c,  0x3,  0x1, 0x15, 0x47, 0x4f, 0x1d, 0xcf,
    0x23, 0x1e, 0x4c, 0x1a, 0xcc, 0x23, 0x32, 0x2f, 0x54,  0x1,
    0x4b, 0xc0, 0x15, 0x60, 0x1d,  0xd, 0x5b, 0x52, 0xfe, 0xb4,
    0xc2, 0x15, 0x74, 0x1d,  0xa, 0x8f, 0x6f, 0xd1, 0x43, 0xfe,
    0x9d, 0x20,  0x1, 0xe2, 0x6f, 0xcd, 0x42,  0x1, 0x61, 0x1d,
     0x0,  0x2,  0x0, 0x12, 0xff, 0xf4,  0x2, 0x7e,  0x3, 0x59,
     0x0, 0x27,  0x0, 0x30,  0x0,  0x0, 0x25, 0x32, 0x35,  0x3,
    0x2e,  0x1, 0x23,  0x7, 0x27, 0x37, 0x16, 0x33, 0x37,  0x7,
     0xe,  0x1, 0x15, 0x11, 0x14,  0x6, 0x23, 0x22, 0x35, 0x11,
    0x34, 0x26, 0x23,  0x7, 0x27, 0x37, 0x16, 0x33, 0x37,  0x7,
     0xe,  0x1,  0x7,  0x3, 0x14, 0x16,  0x3, 0x27, 0x3f,  0x1,
    0x16, 0x17,  0xf,  0x1, 0x26,  0x1, 0x57, 0x7a,  0x4,  0x1,
     0xc, 0x13, 0x21,  0x2,  0x8, 0x4f, 0x26, 0x77,  0x6, 0x25,
    0x15, 0x85, 0x7d, 0xe8,  0xc, 0x14, 0x20,  0x2,  0x9, 0x56,
    0x39, 0x77,  0x7, 0x1f, 0x17,  0x2,  0x7, 0x40, 0x6a,  0x5,
    0x1a,  0xc, 0x73, 0x6c,  0xd,  0xe, 0x7a, 0x4f, 0x82,  0x1,
    0x3a, 0x21, 0x15,  0x2,  0x4, 0x42,  0x3,  0x6, 0x43,  0x8,
    0x12, 0x18, 0xfe, 0xc9, 0x71, 0x77, 0xd8,  0x1, 0x3f, 0x21,
    0x15,  0x2,  0x4, 0x42,  0x3,  0x6, 0x44,  0x4, 0x16, 0x1b,
    0xfe, 0xdd, 0x4b, 0x52,  0x2, 0xab,  0xd, 0x4d,  0x5, 0x39,
    0x2f, 0x2f,  0x9, 0x26,  0x0,  0x0,  0x0,  0x2,  0x0, 0x12,
    0xff, 0xf4,  0x2, 0x7e,  0x3, 0x59,  0x0, 0x27,  0x0, 0x2f,
     0x0,  0x0, 0x25, 0x32, 0x35,  0x3, 0x2e,  0x1, 0x23,  0x7,
    0x27, 0x37, 0x16, 0x33, 0x37,  0x7,  0xe,  0x1, 0x15, 0x11,
    0x14,  0x6, 0x23, 0x22, 0x35, 0x11, 0x34, 0x26, 0x23,  0x7,
    0x27, 0x37, 0x16, 0x33, 0x37,  0x7,  0xe,  0x1,  0x7,  0x3,
    0x14, 0x16, 0x13,  0x7,  0x6,  0x7, 0x2f,  0x1, 0x37, 0x17,
     0x1, 0x57, 0x7a,  0x4,  0x1,  0xc, 0x13, 0x21,  0x2,  0x8,
    0x4f, 0x26, 0x77,  0x6, 0x25, 0x15, 0x85, 0x7d, 0xe8,  0xc,
    0x14, 0x20,  0x2,  0x9, 0x56, 0x39, 0x77,  0x7, 0x1f, 0x17,
     0x2,  0x7, 0x40, 0xe7,  0x6, 0x73, 0x72,  0xd,  0xd, 0xdf,
     0xc, 0x4f, 0x82,  0x1, 0x3a, 0x21, 0x15,  0x2,  0x4, 0x42,
     0x3,  0x6, 0x43,  0x8, 0x12, 0x18, 0xfe, 0xc9, 0x71, 0x77,
    0xd8,  0x1, 0x3f, 0x21, 0x15,  0x2,  0x4, 0x42,  0x3,  0x6,
    0x44,  0x4, 0x16, 0x1b, 0xfe, 0xdd, 0x4b, 0x52,  0x2, 0xb8,
     0xd, 0x1d, 0x24,  0x9, 0x2f, 0x68,  0x5,  0x0,  0x0,  0x2,
     0x0, 0x12, 0xff, 0xf4,  0x2, 0x7e,  0x3, 0x6c,  0x0, 0x27,
     0x0, 0x35,  0x0,  0x0, 0x25, 0x32, 0x35,  0x3, 0x2e,  0x1,
    0x23,  0x7, 0x27, 0x37, 0x16, 0x33, 0x37,  0x7,  0xe,  0x1,
    0x15, 0x11, 0x14,  0x6, 0x23, 0x22, 0x35, 0x11, 0x34, 0x26,
    0x23,  0x7, 0x27, 0x37, 0x16, 0x33, 0x37,  0x7,  0xe,  0x1,
     0x7,  0x3, 0x14, 0x16, 0x13, 0x34, 0x16, 0x17,  0xf,  0x1,
    0x26, 0x27,  0x6,  0x7, 0x2f,  0x1, 0x36, 0x37,  0x1, 0x57,
    0x7a,  0x4,  0x1,  0xc, 0x13, 0x21,  0x2,  0x8, 0x4f, 0x26,
    0x77,  0x6, 0x25, 0x15, 0x85, 0x7d, 0xe8,  0xc, 0x14, 0x20,
     0x2,  0x9, 0x56, 0x39, 0x77,  0x7, 0x1f, 0x17,  0x2,  0x7,
    0x40, 0x44, 0x7e, 0x1f, 0x18, 0x10, 0x32, 0x4d, 0x30, 0x4e,
    0x10, 0x19, 0x49, 0x54, 0x4f, 0x82,  0x1, 0x3a, 0x21, 0x15,
     0x2,  0x4, 0x42,  0x3,  0x6, 0x43,  0x8, 0x12, 0x18, 0xfe,
    0xc9, 0x71, 0x77, 0xd8,  0x1, 0x3f, 0x21, 0x15,  0x2,  0x4,
    0x42,  0x3,  0x6, 0x44,  0x4, 0x16, 0x1b, 0xfe, 0xdd, 0x4b,
    0x52,  0x3, 0x1d,  0x1, 0x65, 0x18, 0x29,  0x4, 0x19, 0x21,
    0x14, 0x26,  0x4, 0x29, 0x35, 0x47,  0x0,  0x3,  0x0, 0x12,
    0xff, 0xf4,  0x2, 0x7e,  0x3, 0x42,  0x0, 0x27,  0x0, 0x2f,
     0x0, 0x37,  0x0,  0x0, 0x25, 0x32, 0x35,  0x3, 0x2e,  0x1,
    0x23,  0x7, 0x27, 0x37, 0x16, 0x33, 0x37,  0x7,  0xe,  0x1,
    0x15, 0x11, 0x14,  0x6, 0x23, 0x22, 0x35, 0x11, 0x34, 0x26,
    0x23,  0x7, 0x27, 0x37, 0x16, 0x33, 0x37,  0x7,  0xe,  0x1,
     0x7,  0x3, 0x14, 0x16, 0x12,  0x6, 0x22, 0x26, 0x34, 0x36,
    0x32, 0x16,  0xe,  0x1, 0x22, 0x26, 0x34, 0x36, 0x32, 0x16,
     0x1, 0x57, 0x7a,  0x4,  0x1,  0xc, 0x13, 0x21,  0x2,  0x8,
    0x4f, 0x26, 0x77,  0x6, 0x25, 0x15, 0x85, 0x7d, 0xe8,  0xc,
    0x14, 0x20,  0x2,  0x9, 0x56, 0x39, 0x77,  0x7, 0x1f, 0x17,
     0x2,  0x7, 0x40, 0xd1, 0x25, 0x3b, 0x1f, 0x25, 0x3b, 0x1f,
    0xb2, 0x25, 0x3b, 0x1f, 0x25, 0x3a, 0x20, 0x4f, 0x82,  0x1,
    0x3a, 0x21, 0x15,  0x2,  0x4, 0x42,  0x3,  0x6, 0x43,  0x8,
    0x12, 0x18, 0xfe, 0xc9, 0x71, 0x77, 0xd8,  0x1, 0x3f, 0x21,
    0x15,  0x2,  0x4, 0x42,  0x3,  0x6, 0x44,  0x4, 0x16, 0x1b,
    0xfe, 0xdd, 0x4b, 0x52,  0x2, 0x99, 0x26, 0x21, 0x39, 0x26,
    0x21, 0x39, 0x26, 0x21, 0x39, 0x26, 0x21,  0x0,  0x0,  0x2,
    0xff, 0xf6, 0xff, 0xf5,  0x2, 0x60,  0x3, 0x59,  0x0, 0x33,
     0x0, 0x3b,  0x0,  0x0,  0x1, 0x17, 0x37, 0x17,  0x7,  0xe,
     0x1,  0xf,  0x1,  0x6, 0x15, 0x1c,  0x1, 0x16, 0x33, 0x37,
    0x17,  0x7, 0x26, 0x23, 0x22,  0x7, 0x37, 0x3e,  0x1, 0x3d,
     0x1, 0x34, 0x2f,  0x1, 0x2e,  0x1, 0x2f,  0x1, 0x37, 0x16,
    0x33, 0x37, 0x17,  0x7,  0xe,  0x1, 0x14, 0x17, 0x16, 0x17,
    0x33, 0x37, 0x36, 0x34, 0x2f,  0x1, 0x37,  0x7,  0x6,  0x7,
    0x2f,  0x1, 0x37, 0x17,  0x1, 0x71, 0x85, 0x66,  0x4,  0x7,
    0x27, 0x30, 0x22, 0x60, 0x12, 0x13, 0x1c, 0x32,  0x3,  0x9,
    0x73, 0x26, 0x33, 0x75,  0x7, 0x39, 0x21, 0x1d, 0x62, 0x18,
    0x2d, 0x2c,  0x3,  0x8, 0x59, 0x28, 0xa0,  0x5,  0x5, 0x22,
    0x1a, 0x12, 0x28, 0x1b,  0xa, 0x4f,  0xe, 0x33,  0x2, 0x87,
     0x6, 0x73, 0x72,  0xd,  0xd, 0xdf,  0xc,  0x2, 0x85,  0x4,
     0x4,  0x7, 0x3d,  0xd, 0x35, 0x3e, 0xb3, 0x23, 0x67,  0x3,
    0x23, 0x1b,  0x3,  0x5, 0x45,  0x4,  0xb, 0x45,  0x7, 0x24,
    0x33, 0x1e, 0x2f, 0x37, 0xbf, 0x30, 0x2b,  0x9,  0x5, 0x40,
     0x3,  0x8,  0x9, 0x3a,  0x1,  0xe, 0x19, 0x2c, 0x63, 0x35,
    0xa5, 0x1c, 0x28,  0x3,  0x5, 0xbc,  0xd, 0x1d, 0x24,  0x9,
    0x2f, 0x68,  0x5,  0x0,  0x0,  0x0,  0x0,  0x2,  0x0, 0x24,
    0xff, 0xf7,  0x2, 0x31,  0x2, 0x89,  0x0, 0x24,  0x0, 0x30,
     0x0,  0x0,  0x1, 0x30,  0x7, 0x33, 0x32, 0x15, 0x14,  0x6,
    0x2b,  0x1, 0x15, 0x14, 0x16, 0x33, 0x37, 0x17,  0x7, 0x26,
    0x23, 0x22,  0x7, 0x37, 0x3e,  0x1, 0x35, 0x13, 0x34, 0x26,
    0x23,  0x7, 0x27, 0x37, 0x17, 0x37,  0x7,  0xe,  0x1, 0x17,
    0x34, 0x26, 0x23, 0x22,  0x6,  0x7,  0x6, 0x15, 0x16, 0x33,
    0x36,  0x1,  0x4,  0x2, 0x4c, 0xe3, 0x8c, 0x66, 0x47,  0xf,
    0x17, 0x30,  0x4,  0x9, 0x6b, 0x24, 0x45, 0x51,  0x7, 0x2c,
    0x1d,  0x1,  0xe, 0x16, 0x23,  0x5,  0x7, 0x8c, 0x8e,  0x6,
    0x27, 0x17, 0x9d, 0x44, 0x4a,  0xd,  0x9,  0x1,  0x5, 0x32,
    0x21, 0x57,  0x2, 0x18, 0x18, 0xb0, 0x52, 0x6e, 0x1e, 0x1e,
    0x13,  0x3,  0x7, 0x40,  0x3,  0x9, 0x41,  0x9, 0x21, 0x2a,
     0x1, 0x81, 0x1f, 0x15,  0x1,  0x8, 0x3b,  0x1,  0x7, 0x43,
     0x6, 0x11, 0xe9, 0x37, 0x32,  0x6,  0x8, 0x7a, 0x3f,  0xe,
     0xe,  0x0,  0x0,  0x0,  0x0,  0x1,  0x0, 0x18, 0xff, 0xf4,
     0x2, 0x7b,  0x2, 0xe6,  0x0, 0x41,  0x0,  0x0, 0x24, 0x16,
    0x32, 0x36, 0x34, 0x2e,  0x3, 0x34, 0x36, 0x37, 0x36, 0x34,
    0x26, 0x22,  0x6, 0x15,  0x3,  0x6, 0x33, 0x37, 0x17,  0x7,
    0x26, 0x22,  0xe,  0x1, 0x15, 0x37, 0x3e,  0x1, 0x3d,  0x1,
    0x2e,  0x1, 0x2f,  0x1, 0x3f,  0x1, 0x34, 0x36, 0x33, 0x32,
    0x16, 0x15, 0x14,  0xe,  0x2, 0x14, 0x1e,  0x3, 0x15, 0x14,
     0x6, 0x23, 0x22, 0x26, 0x27, 0x3e,  0x1, 0x37, 0x17,  0x1,
    0x6f, 0x2e, 0x3e, 0x22, 0x2b, 0x3e, 0x3e, 0x2b, 0x24, 0x15,
    0x39, 0x37, 0x62, 0x2c,  0x4,  0x2, 0x23, 0x25,  0x3,  0x9,
    0x4d, 0x3a, 0x41, 0x2d,  0x7, 0x20, 0x17,  0x2, 0x19, 0x26,
     0x4,  0x8, 0x3d, 0x85, 0x77, 0x52, 0x6a, 0x23, 0x2a, 0x23,
    0x2c, 0x3f, 0x3f, 0x2c, 0x73, 0x55, 0x33, 0x4c,  0x6,  0x1,
    0x1b,  0xf, 0x14, 0x74, 0x30, 0x23, 0x33, 0x29, 0x22, 0x26,
    0x3d, 0x47, 0x3a, 0x13, 0x34, 0x4e, 0x2d, 0x47, 0x54, 0xfe,
    0x81, 0x2e,  0x1,  0x4, 0x43,  0x3,  0x3,  0x2,  0x1, 0x3e,
     0x4, 0x1b, 0x21, 0xe2, 0x17, 0x10,  0x1,  0x6, 0x34,  0xa,
    0x88, 0x98, 0x50, 0x3d, 0x22, 0x3d, 0x25, 0x31, 0x2c, 0x27,
    0x22, 0x28, 0x41, 0x2a, 0x47, 0x61, 0x22, 0x19, 0x15, 0x46,
    0x13,  0x1,  0x0,  0x3,  0x0, 0x1b, 0xff, 0xf4,  0x1, 0xe0,
     0x2, 0xe1,  0x0, 0x22,  0x0, 0x29,  0x0, 0x32,  0x0,  0x0,
    0x24, 0x16, 0x32, 0x37, 0x17,  0xe,  0x1,  0x7, 0x22, 0x2f,
     0x1,  0x6, 0x23, 0x22, 0x26, 0x35, 0x34, 0x36, 0x3f,  0x2,
    0x34, 0x26, 0x22,  0x6,  0x7, 0x2f,  0x1, 0x36, 0x33, 0x32,
    0x16, 0x15, 0x14,  0x6, 0x27,  0x6, 0x14, 0x16, 0x32, 0x3f,
     0x1,  0x3, 0x27, 0x3f,  0x1, 0x16, 0x17,  0xf,  0x1, 0x26,
     0x1, 0x7d, 0x14, 0x26, 0x19, 0x10,  0xe, 0x3e, 0x15, 0x5c,
     0x9,  0x8, 0x4c, 0x22, 0x3a, 0x4f, 0x20, 0x1a, 0xc0,  0x1,
    0x2d, 0x42, 0x3b, 0x20,  0x9, 0x12, 0x89, 0x30, 0x54, 0x53,
    0x14, 0xd3, 0x17, 0x1f, 0x39, 0x26,  0x2, 0xb6,  0x1, 0x36,
     0xd, 0x56, 0x52, 0x1e,  0xf, 0x4d, 0x72, 0x16, 0x11, 0x15,
    0x1d, 0x41,  0x6, 0x4d,  0x3, 0x4c, 0x54, 0x3e, 0x1f, 0x2e,
     0x6, 0x2d, 0x17, 0x2b, 0x2f, 0x17, 0x18,  0x5, 0x3c, 0x4d,
    0x4b, 0x3e, 0x10, 0xa6, 0x1b,  0x7, 0x34, 0x22, 0x1c, 0x5e,
     0x1, 0xb9,  0xe, 0x46,  0x1, 0x5a, 0x50, 0x27,  0x4, 0x3a,
     0x0,  0x0,  0x0,  0x3,  0x0, 0x1b, 0xff, 0xf4,  0x1, 0xe0,
     0x2, 0xe2,  0x0, 0x22,  0x0, 0x29,  0x0, 0x32,  0x0,  0x0,
    0x24, 0x16, 0x32, 0x37, 0x17,  0xe,  0x1,  0x7, 0x22, 0x2f,
     0x1,  0x6, 0x23, 0x22, 0x26, 0x35, 0x34, 0x36, 0x3f,  0x2,
    0x34, 0x26, 0x22,  0x6,  0x7, 0x2f,  0x1, 0x36, 0x33, 0x32,
    0x16, 0x15, 0x14,  0x6, 0x27,  0x6, 0x14, 0x16, 0x32, 0x3f,
     0x1, 0x13,  0x7,  0x6,  0x7, 0x2f,  0x1, 0x36, 0x37, 0x17,
     0x1, 0x7d, 0x14, 0x26, 0x19, 0x10,  0xe, 0x3e, 0x15, 0x5c,
     0x9,  0x8, 0x4c, 0x22, 0x3a, 0x4f, 0x20, 0x1a, 0xc0,  0x1,
    0x2d, 0x42, 0x3b, 0x20,  0x9, 0x12, 0x89, 0x30, 0x54, 0x53,
    0x14, 0xd3, 0x17, 0x1f, 0x39, 0x26,  0x2, 0x68,  0x1, 0x60,
    0x5d,  0xf, 0x1e, 0x68, 0x3f,  0xe, 0x72, 0x16, 0x11, 0x15,
    0x1d, 0x41,  0x6, 0x4d,  0x3, 0x4c, 0x54, 0x3e, 0x1f, 0x2e,
     0x6, 0x2d, 0x17, 0x2b, 0x2f, 0x17, 0x18,  0x5, 0x3c, 0x4d,
    0x4b, 0x3e, 0x10, 0xa6, 0x1b,  0x7, 0x34, 0x22, 0x1c, 0x5e,
     0x1, 0xc8,  0xe, 0x3c, 0x45,  0x4, 0x27, 0x68, 0x43,  0x1,
     0x0,  0x0,  0x0,  0x3,  0x0, 0x1b, 0xff, 0xf4,  0x1, 0xe0,
     0x2, 0xda,  0x0, 0x22,  0x0, 0x29,  0x0, 0x36,  0x0,  0x0,
    0x24, 0x16, 0x32, 0x37, 0x17,  0xe,  0x1,  0x7, 0x22, 0x2f,
     0x1,  0x6, 0x23, 0x22, 0x26, 0x35, 0x34, 0x36, 0x3f,  0x2,
    0x34, 0x26, 0x22,  0x6,  0x7, 0x2f,  0x1, 0x36, 0x33, 0x32,
    0x16, 0x15, 0x14,  0x6, 0x27,  0x6, 0x14, 0x16, 0x32, 0x3f,
     0x1,  0x3, 0x27, 0x36, 0x37, 0x33, 0x16, 0x17,  0xf,  0x1,
    0x26, 0x27,  0x6,  0x7,  0x1, 0x7d, 0x14, 0x26, 0x19, 0x10,
     0xe, 0x3e, 0x15, 0x5c,  0x9,  0x8, 0x4c, 0x22, 0x3a, 0x4f,
    0x20, 0x1a, 0xc0,  0x1, 0x2d, 0x42, 0x3b, 0x20,  0x9, 0x12,
    0x89, 0x30, 0x54, 0x53, 0x14, 0xd3, 0x17, 0x1f, 0x39, 0x26,
     0x2, 0xb3, 0x1d, 0x40, 0x58, 0x14, 0x50, 0x47, 0x1d,  0xf,
    0x14, 0x61, 0x47, 0x2e, 0x72, 0x16, 0x11, 0x15, 0x1d, 0x41,
     0x6, 0x4d,  0x3, 0x4c, 0x54, 0x3e, 0x1f, 0x2e,  0x6, 0x2d,
    0x17, 0x2b, 0x2f, 0x17, 0x18,  0x5, 0x3c, 0x4d, 0x4b, 0x3e,
    0x10, 0xa6, 0x1b,  0x7, 0x34, 0x22, 0x1c, 0x5e,  0x1, 0x44,
    0x29, 0x3c, 0x5e, 0x56, 0x44, 0x29,  0x4, 0x10, 0x43, 0x2e,
    0x25,  0x0,  0x0,  0x0,  0x0,  0x3,  0x0, 0x1b, 0xff, 0xf4,
     0x1, 0xe0,  0x2, 0xcb,  0x0, 0x22,  0x0, 0x29,  0x0, 0x3d,
     0x0,  0x0, 0x24, 0x16, 0x32, 0x37, 0x17,  0xe,  0x1,  0x7,
    0x22, 0x2f,  0x1,  0x6, 0x23, 0x22, 0x26, 0x35, 0x34, 0x36,
    0x3f,  0x2, 0x34, 0x26, 0x22,  0x6,  0x7, 0x2f,  0x1, 0x36,
    0x33, 0x32, 0x16, 0x15, 0x14,  0x6, 0x27,  0x6, 0x14, 0x16,
    0x32, 0x3f,  0x1,  0x2, 0x16, 0x32, 0x36, 0x37, 0x33, 0x17,
    0x15,  0xf,  0x1, 0x22, 0x26, 0x22,  0x6,  0x7, 0x23, 0x27,
    0x35, 0x3f,  0x1,  0x1, 0x7d, 0x14, 0x26, 0x19, 0x10,  0xe,
    0x3e, 0x15, 0x5c,  0x9,  0x8, 0x4c, 0x22, 0x3a, 0x4f, 0x20,
    0x1a, 0xc0,  0x1, 0x2d, 0x42, 0x3b, 0x20,  0x9, 0x12, 0x89,
    0x30, 0x54, 0x53, 0x14, 0xd3, 0x17, 0x1f, 0x39, 0x26,  0x2,
    0x75, 0x76, 0x18, 0x21, 0x16,  0xb, 0x27, 0x4e, 0x11, 0x11,
    0x76, 0x19, 0x21, 0x15,  0xb, 0x28, 0x4f, 0x10, 0x72, 0x16,
    0x11, 0x15, 0x1d, 0x41,  0x6, 0x4d,  0x3, 0x4c, 0x54, 0x3e,
    0x1f, 0x2e,  0x6, 0x2d, 0x17, 0x2b, 0x2f, 0x17, 0x18,  0x5,
    0x3c, 0x4d, 0x4b, 0x3e, 0x10, 0xa6, 0x1b,  0x7, 0x34, 0x22,
    0x1c, 0x5e,  0x1, 0xe1, 0x21, 0x1c, 0x1c, 0x25,  0xa, 0x66,
     0x4, 0x22, 0x1c, 0x1c, 0x24,  0xb, 0x65,  0x4,  0x0,  0x4,
     0x0, 0x1b, 0xff, 0xf4,  0x1, 0xe0,  0x2, 0xb4,  0x0, 0x22,
     0x0, 0x29,  0x0, 0x31,  0x0, 0x39,  0x0,  0x0, 0x24, 0x16,
    0x32, 0x37, 0x17,  0xe,  0x1,  0x7, 0x22, 0x2f,  0x1,  0x6,
    0x23, 0x22, 0x26, 0x35, 0x34, 0x36, 0x3f,  0x2, 0x34, 0x26,
    0x22,  0x6,  0x7, 0x2f,  0x1, 0x36, 0x33, 0x32, 0x16, 0x15,
    0x14,  0x6, 0x27,  0x6, 0x14, 0x16, 0x32, 0x3f,  0x1, 0x12,
     0x6, 0x22, 0x26, 0x34, 0x36, 0x32, 0x16,  0xe,  0x1, 0x22,
    0x26, 0x34, 0x36, 0x32, 0x16,  0x1, 0x7d, 0x14, 0x26, 0x19,
    0x10,  0xe, 0x3e, 0x15, 0x5c,  0x9,  0x8, 0x4c, 0x22, 0x3a,
    0x4f, 0x20, 0x1a, 0xc0,  0x1, 0x2d, 0x42, 0x3b, 0x20,  0x9,
    0x12, 0x89, 0x30, 0x54, 0x53, 0x14, 0xd3, 0x17, 0x1f, 0x39,
    0x26,  0x2, 0x68, 0x25, 0x3b, 0x1f, 0x25, 0x3b, 0x1f, 0xb2,
    0x25, 0x3b, 0x1f, 0x25, 0x3a, 0x20, 0x72, 0x16, 0x11, 0x15,
    0x1d, 0x41,  0x6, 0x4d,  0x3, 0x4c, 0x54, 0x3e, 0x1f, 0x2e,
     0x6, 0x2d, 0x17, 0x2b, 0x2f, 0x17, 0x18,  0x5, 0x3c, 0x4d,
    0x4b, 0x3e, 0x10, 0xa6, 0x1b,  0x7, 0x34, 0x22, 0x1c, 0x5e,
     0x1, 0x87, 0x26, 0x21, 0x39, 0x26, 0x21, 0x39, 0x26, 0x21,
    0x39, 0x26, 0x22,  0x0,  0x0,  0x4,  0x0, 0x1b, 0xff, 0xf4,
     0x1, 0xe0,  0x2, 0xda,  0x0, 0x22,  0x0, 0x29,  0x0, 0x31,
     0x0, 0x39,  0x0,  0x0, 0x24, 0x16, 0x32, 0x37, 0x17,  0xe,
     0x1,  0x7, 0x22, 0x2f,  0x1,  0x6, 0x23, 0x22, 0x26, 0x35,
    0x34, 0x36, 0x3f,  0x2, 0x34, 0x26, 0x22,  0x6,  0x7, 0x2f,
     0x1, 0x36, 0x33, 0x32, 0x16, 0x15, 0x14,  0x6, 0x27,  0x6,
    0x14, 0x16, 0x32, 0x3f,  0x1,  0x3, 0x32, 0x35, 0x34, 0x22,
    0x15, 0x14, 0x16, 0x36,  0x6, 0x22, 0x26, 0x34, 0x36, 0x32,
    0x16,  0x1, 0x7d, 0x14, 0x26, 0x19, 0x10,  0xe, 0x3e, 0x15,
    0x5c,  0x9,  0x8, 0x4c, 0x22, 0x3a, 0x4f, 0x20, 0x1a, 0xc0,
     0x1, 0x2d, 0x42, 0x3b, 0x20,  0x9, 0x12, 0x89, 0x30, 0x54,
    0x53, 0x14, 0xd3, 0x17, 0x1f, 0x39, 0x26,  0x2, 0x2c, 0x28,
    0x55, 0x1c, 0x6b, 0x34, 0x57, 0x2e, 0x35, 0x58, 0x2c, 0x72,
    0x16, 0x11, 0x15, 0x1d, 0x41,  0x6, 0x4d,  0x3, 0x4c, 0x54,
    0x3e, 0x1f, 0x2e,  0x6, 0x2d, 0x17, 0x2b, 0x2f, 0x17, 0x18,
     0x5, 0x3c, 0x4d, 0x4b, 0x3e, 0x10, 0xa6, 0x1b,  0x7, 0x34,
    0x22, 0x1c, 0x5e,  0x1, 0x82, 0x25, 0x29, 0x23, 0x16, 0x15,
     0x6, 0x3b, 0x32, 0x52, 0x36, 0x32,  0x0,  0x3,  0x0, 0x12,
    0xff, 0xf4,  0x2, 0x8d,  0x1, 0xda,  0x0, 0x2a,  0x0, 0x33,
     0x0, 0x3c,  0x0,  0x0,  0x5, 0x22, 0x27,  0x6,  0x7, 0x22,
    0x26, 0x35, 0x34, 0x36, 0x3f,  0x2, 0x34, 0x26, 0x22,  0x6,
     0x7, 0x2f,  0x1, 0x36, 0x33, 0x32, 0x17, 0x36, 0x33, 0x32,
    0x16, 0x15,  0xf,  0x1,  0x5, 0x1e,  0x1, 0x33, 0x32, 0x36,
    0x37, 0x1f,  0x1,  0xe,  0x2, 0x25,  0x6, 0x14, 0x16, 0x33,
    0x32, 0x37, 0x26, 0x35, 0x25, 0x34, 0x26, 0x22,  0x6,  0x7,
    0x15, 0x37, 0x36,  0x1, 0xe7, 0x89, 0x36, 0x5b, 0x31, 0x3b,
    0x4f, 0x24, 0x1d, 0xb5,  0x1, 0x2c, 0x42, 0x3c, 0x21,  0x9,
    0x12, 0x8a, 0x2f, 0x54, 0x28, 0x3b, 0x5b, 0x48, 0x52,  0x2,
     0xa, 0xff,  0x0,  0x7, 0x42, 0x38, 0x1c, 0x3c, 0x20,  0x8,
    0x10,  0xb, 0x24, 0x58, 0xfe, 0xa0, 0x1d, 0x1f, 0x17, 0x24,
    0x32,  0xd,  0x1,  0x2, 0x20, 0x41, 0x2f,  0x1, 0x80, 0x11,
     0xc, 0x62, 0x56,  0x8, 0x53, 0x3d, 0x21, 0x30,  0x6, 0x26,
    0x1f, 0x2a, 0x2e, 0x18, 0x18,  0x5, 0x3c, 0x4d, 0x41, 0x41,
    0x59, 0x4f, 0x1d,  0xc, 0x2c, 0x42, 0x47, 0x10, 0x10,  0x3,
    0x33,  0x8, 0x19, 0x29, 0xc2,  0x6, 0x37, 0x22, 0x29, 0x25,
    0x2b, 0x71, 0x1f, 0x26, 0x35, 0x2d, 0x12, 0x20,  0x5,  0x0,
     0x0,  0x1,  0x0, 0x19, 0xff, 0x13,  0x1, 0x90,  0x1, 0xda,
     0x0, 0x2e,  0x0,  0x0, 0x32, 0x26, 0x34, 0x36, 0x33, 0x32,
    0x1f,  0x2,  0x6,  0xf,  0x1, 0x35, 0x34, 0x23, 0x22, 0x15,
    0x14, 0x16, 0x33, 0x32, 0x37, 0x1f,  0x1,  0x6,  0xf,  0x1,
    0x1e,  0x2, 0x15, 0x14,  0x6, 0x23, 0x22, 0x26, 0x34, 0x37,
    0x33, 0x1e,  0x1, 0x32, 0x36, 0x35, 0x34, 0x27, 0x37, 0x7c,
    0x63, 0x89, 0x6b, 0x46, 0x2a,  0xf,  0x4, 0x11,  0x5, 0x41,
    0x3e, 0x5d, 0x38, 0x35, 0x2e, 0x3c,  0x8, 0x10, 0x4a, 0x3a,
     0xa, 0x1b, 0x21, 0x24, 0x51, 0x34, 0x1c, 0x32, 0x25,  0x9,
     0x1, 0x1c, 0x28, 0x17, 0x56, 0x15, 0x79, 0xd2, 0x8f, 0x10,
     0x5,  0x9, 0x47, 0x54,  0x4, 0x21, 0x47, 0x84, 0x52, 0x56,
    0x1d,  0x3, 0x34, 0x3d,  0xc, 0x22, 0x10, 0x15, 0x29, 0x13,
    0x27, 0x39, 0x18, 0x26, 0x2c, 0x1b, 0x1d, 0x11,  0xd, 0x1a,
    0x2d, 0x4c,  0x0,  0x3,  0x0, 0x19, 0xff, 0xf4,  0x1, 0xaf,
     0x2, 0xe0,  0x0,  0x8,  0x0, 0x1f,  0x0, 0x28,  0x0,  0x0,
     0x1, 0x34, 0x23, 0x22,  0x6,  0x7, 0x37, 0x3e,  0x1,  0x7,
    0x15, 0x1e,  0x1, 0x33, 0x32, 0x36, 0x37, 0x1f,  0x1,  0xe,
     0x1, 0x23, 0x22, 0x26, 0x34, 0x36, 0x33, 0x32, 0x15, 0x14,
     0xf,  0x1,  0x1, 0x27, 0x3f,  0x1, 0x16, 0x17,  0xf,  0x1,
    0x26,  0x1, 0x34, 0x3f, 0x27, 0x2f,  0x4, 0x86,  0xb,  0x8,
    0x99,  0x3, 0x42, 0x38, 0x1c, 0x3c, 0x20,  0x8, 0x10, 0x29,
    0x63, 0x20, 0x6a, 0x79, 0x88, 0x66, 0xa8,  0x7,  0xc, 0xfe,
    0xd7,  0x1, 0x36,  0xd, 0x56, 0x52, 0x1e,  0xf, 0x4d,  0x1,
    0x40, 0x4a, 0x35, 0x33,  0x7,  0x2,  0x8, 0x49,  0x9, 0x42,
    0x49,  0xf,  0xf,  0x3, 0x33, 0x1e, 0x2c, 0x7c, 0xd8, 0x92,
    0xac, 0x1d, 0x1c,  0xb,  0x1, 0xa1,  0xe, 0x46,  0x1, 0x5a,
    0x50, 0x27,  0x4, 0x3a,  0x0,  0x3,  0x0, 0x19, 0xff, 0xf4,
     0x1, 0xaf,  0x2, 0xe1,  0x0,  0x8,  0x0, 0x1f,  0x0, 0x28,
     0x0,  0x0,  0x1, 0x34, 0x23, 0x22,  0x6,  0x7, 0x37, 0x3e,
     0x1,  0x7, 0x15, 0x1e,  0x1, 0x33, 0x32, 0x36, 0x37, 0x1f,
     0x1,  0xe,  0x1, 0x23, 0x22, 0x26, 0x34, 0x36, 0x33, 0x32,
    0x15, 0x14,  0xf,  0x1,  0x3,  0x7,  0x6,  0x7, 0x2f,  0x1,
    0x36, 0x37, 0x17,  0x1, 0x34, 0x3f, 0x27, 0x2f,  0x4, 0x86,
     0xb,  0x8, 0x99,  0x3, 0x42, 0x38, 0x1c, 0x3c, 0x20,  0x8,
    0x10, 0x29, 0x63, 0x20, 0x6a, 0x79, 0x88, 0x66, 0xa8,  0x7,
     0xc,  0xb,  0x1, 0x60, 0x5d,  0xf, 0x1e, 0x68, 0x3f,  0xe,
     0x1, 0x40, 0x4a, 0x35, 0x33,  0x7,  0x2,  0x8, 0x49,  0x9,
    0x42, 0x49,  0xf,  0xf,  0x3, 0x33, 0x1e, 0x2c, 0x7c, 0xd8,
    0x92, 0xac, 0x1d, 0x1c,  0xb,  0x1, 0xb0,  0xe, 0x3c, 0x45,
     0x4, 0x27, 0x68, 0x43,  0x1,  0x0,  0x0,  0x3,  0x0, 0x19,
    0xff, 0xf4,  0x1, 0xaf,  0x2, 0xda,  0x0,  0x8,  0x0, 0x1f,
     0x0, 0x2c,  0x0,  0x0,  0x1, 0x34, 0x23, 0x22,  0x6,  0x7,
    0x37, 0x3e,  0x1,  0x7, 0x15, 0x1e,  0x1, 0x33, 0x32, 0x36,
    0x37, 0x1f,  0x1,  0xe,  0x1, 0x23, 0x22, 0x26, 0x34, 0x36,
    0x33, 0x32, 0x15, 0x14,  0xf,  0x1,  0x1, 0x27, 0x36, 0x37,
    0x33, 0x16, 0x17,  0xf,  0x1, 0x26, 0x27,  0x6,  0x7,  0x1,
    0x34, 0x3f, 0x27, 0x2f,  0x4, 0x86,  0xb,  0x8, 0x99,  0x3,
    0x42, 0x38, 0x1c, 0x3c, 0x20,  0x8, 0x10, 0x29, 0x63, 0x20,
    0x6a, 0x79, 0x88, 0x66, 0xa8,  0x7,  0xc, 0xfe, 0xda, 0x1d,
    0x40, 0x58, 0x14, 0x50, 0x47, 0x1d,  0xf, 0x14, 0x61, 0x47,
    0x2e,  0x1, 0x40, 0x4a, 0x35, 0x33,  0x7,  0x2,  0x8, 0x49,
     0x9, 0x42, 0x49,  0xf,  0xf,  0x3, 0x33, 0x1e, 0x2c, 0x7c,
    0xd8, 0x92, 0xac, 0x1d, 0x1c,  0xb,  0x1, 0x2d, 0x29, 0x3c,
    0x5e, 0x56, 0x44, 0x29,  0x4, 0x10, 0x43, 0x2e, 0x25,  0x0,
     0x0,  0x4,  0x0, 0x19, 0xff, 0xf4,  0x1, 0xaf,  0x2, 0xb3,
     0x0,  0x8,  0x0, 0x1f,  0x0, 0x27,  0x0, 0x2f,  0x0,  0x0,
     0x1, 0x34, 0x23, 0x22,  0x6,  0x7, 0x37, 0x3e,  0x1,  0x7,
    0x15, 0x1e,  0x1, 0x33, 0x32, 0x36, 0x37, 0x1f,  0x1,  0xe,
     0x1, 0x23, 0x22, 0x26, 0x34, 0x36, 0x33, 0x32, 0x15, 0x14,
     0xf,  0x1,  0x2,  0x6, 0x22, 0x26, 0x34, 0x36, 0x32, 0x16,
     0xe,  0x1, 0x22, 0x26, 0x34, 0x36, 0x32, 0x16,  0x1, 0x34,
    0x3f, 0x27, 0x2f,  0x4, 0x86,  0xb,  0x8, 0x99,  0x3, 0x42,
    0x38, 0x1c, 0x3c, 0x20,  0x8, 0x10, 0x29, 0x63, 0x20, 0x6a,
    0x79, 0x88, 0x66, 0xa8,  0x7,  0xc,  0xb, 0x25, 0x3b, 0x1f,
    0x25, 0x3b, 0x1f, 0xb2, 0x25, 0x3b, 0x1f, 0x25, 0x3a, 0x20,
     0x1, 0x40, 0x4a, 0x35, 0x33,  0x7,  0x2,  0x8, 0x49,  0x9,
    0x42, 0x49,  0xf,  0xf,  0x3, 0x33, 0x1e, 0x2c, 0x7c, 0xd8,
    0x92, 0xac, 0x1d, 0x1c,  0xb,  0x1, 0x6f, 0x26, 0x21, 0x39,
    0x26, 0x21, 0x3a, 0x25, 0x21, 0x39, 0x26, 0x22,  0x0,  0x2,
     0x0,  0xb, 0xff, 0xf5,  0x1,  0xe,  0x2, 0xe0,  0x0, 0x16,
     0x0, 0x1f,  0x0,  0x0, 0x37, 0x35, 0x34, 0x26, 0x23,  0x7,
    0x37, 0x36, 0x37, 0x17,  0x6, 0x11, 0x14, 0x33, 0x37, 0x17,
     0x7, 0x26, 0x23, 0x22,  0x7, 0x37, 0x36,  0x3, 0x27, 0x3f,
     0x1, 0x16, 0x17,  0xf,  0x1, 0x26, 0x5b, 0x13, 0x18, 0x17,
     0x6, 0x45, 0x7b,  0x9, 0x18, 0x1f, 0x1d,  0x2,  0xa, 0x45,
    0x20, 0x2f, 0x56,  0x8, 0x39, 0x4f,  0x1, 0x36,  0xd, 0x56,
    0x52, 0x1e,  0xf, 0x4d, 0x73, 0xd6, 0x1f, 0x19,  0x3, 0x3b,
     0x8, 0x19, 0x11, 0x32, 0xfe, 0xd3, 0x2c,  0x2,  0x4, 0x3f,
     0x3,  0xb, 0x40,  0xa,  0x2, 0x4c,  0xe, 0x46,  0x1, 0x5a,
    0x50, 0x27,  0x4, 0x3a,  0x0,  0x0,  0x0,  0x2,  0x0, 0x19,
    0xff, 0xf5,  0x1, 0x2e,  0x2, 0xe1,  0x0, 0x16,  0x0, 0x1f,
     0x0,  0x0, 0x37, 0x35, 0x34, 0x26, 0x23,  0x7, 0x37, 0x36,
    0x37, 0x17,  0x6, 0x11, 0x14, 0x33, 0x37, 0x17,  0x7, 0x26,
    0x23, 0x22,  0x7, 0x37, 0x36, 0x13,  0x7,  0x6,  0x7, 0x2f,
     0x1, 0x36, 0x37, 0x17, 0x5b, 0x13, 0x18, 0x17,  0x6, 0x45,
    0x7b,  0x9, 0x18, 0x1f, 0x1d,  0x2,  0xa, 0x45, 0x20, 0x2f,
    0x56,  0x8, 0x39, 0xd3,  0x1, 0x60, 0x5d,  0xf, 0x1e, 0x68,
    0x3f,  0xe, 0x73, 0xd6, 0x1f, 0x19,  0x3, 0x3b,  0x8, 0x19,
    0x11, 0x32, 0xfe, 0xd3, 0x2c,  0x2,  0x4, 0x3f,  0x3,  0xb,
    0x40,  0xa,  0x2, 0x5b,  0xe, 0x3c, 0x45,  0x4, 0x27, 0x68,
    0x43,  0x1,  0x0,  0x0,  0x0,  0x2, 0xff, 0xf8, 0xff, 0xf5,
     0x1, 0x3b,  0x2, 0xd9,  0x0, 0x16,  0x0, 0x23,  0x0,  0x0,
    0x37, 0x35, 0x34, 0x26, 0x23,  0x7, 0x37, 0x36, 0x37, 0x17,
     0x6, 0x11, 0x14, 0x33, 0x37, 0x17,  0x7, 0x26, 0x23, 0x22,
     0x7, 0x37, 0x36,  0x3, 0x27, 0x36, 0x37, 0x33, 0x16, 0x17,
     0xf,  0x1, 0x26, 0x27,  0x6,  0x7, 0x5b, 0x13, 0x18, 0x17,
     0x6, 0x45, 0x7b,  0x9, 0x18, 0x1f, 0x1d,  0x2,  0xa, 0x45,
    0x20, 0x2f, 0x56,  0x8, 0x39, 0x46, 0x1d, 0x40, 0x58, 0x14,
    0x50, 0x47, 0x1d,  0xf, 0x14, 0x61, 0x47, 0x2e, 0x73, 0xd6,
    0x1f, 0x19,  0x3, 0x3b,  0x8, 0x19, 0x11, 0x32, 0xfe, 0xd3,
    0x2c,  0x2,  0x4, 0x3f,  0x3,  0xb, 0x40,  0xa,  0x1, 0xd7,
    0x29, 0x3c, 0x5e, 0x56, 0x44, 0x29,  0x4, 0x10, 0x43, 0x2e,
    0x25,  0x0,  0x0,  0x0,  0x0,  0x3, 0xff, 0xfe, 0xff, 0xf5,
     0x1, 0x2f,  0x2, 0xb3,  0x0, 0x16,  0x0, 0x1e,  0x0, 0x26,
     0x0,  0x0, 0x37, 0x35, 0x34, 0x26, 0x23,  0x7, 0x37, 0x36,
    0x37, 0x17,  0x6, 0x11, 0x14, 0x33, 0x37, 0x17,  0x7, 0x26,
    0x23, 0x22,  0x7, 0x37, 0x36, 0x12,  0x6, 0x22, 0x26, 0x34,
    0x36, 0x32, 0x16,  0xe,  0x1, 0x22, 0x26, 0x34, 0x36, 0x32,
    0x16, 0x5b, 0x13, 0x18, 0x17,  0x6, 0x45, 0x7b,  0x9, 0x18,
    0x1f, 0x1d,  0x2,  0xa, 0x45, 0x20, 0x2f, 0x56,  0x8, 0x39,
    0xd4, 0x25, 0x3b, 0x1f, 0x25, 0x3b, 0x1f, 0xb2, 0x25, 0x3b,
    0x1f, 0x25, 0x3a, 0x20, 0x73, 0xd6, 0x1f, 0x19,  0x3, 0x3b,
     0x8, 0x19, 0x11, 0x32, 0xfe, 0xd3, 0x2c,  0x2,  0x4, 0x3f,
     0x3,  0xb, 0x40,  0xa,  0x2, 0x1a, 0x26, 0x21, 0x39, 0x26,
    0x21, 0x3a, 0x25, 0x21, 0x39, 0x26, 0x22,  0x0,  0x0,  0x2,
     0x0, 0x1d, 0xff, 0xf4,  0x1, 0xdf,  0x2, 0xe5,  0x0, 0x1b,
     0x0, 0x25,  0x0,  0x0, 0x25, 0x14,  0x6, 0x22, 0x26, 0x34,
    0x36, 0x33, 0x16, 0x17, 0x37, 0x26, 0x27,  0x7, 0x2f,  0x1,
    0x37, 0x26, 0x27, 0x3f,  0x1, 0x16, 0x17, 0x37, 0x1f,  0x1,
     0x7, 0x16,  0x7, 0x34, 0x27, 0x26, 0x22,  0x6, 0x14, 0x16,
    0x33, 0x32,  0x1, 0xdf, 0x82, 0xcc, 0x74, 0x75, 0x56,  0xf,
    0x2b,  0x3, 0x1e, 0x2f, 0x81,  0x9, 0x11, 0x63, 0x34, 0x47,
    0x20,  0xd, 0x5f, 0x4a, 0x8d,  0x9, 0x11, 0x6b, 0xa8, 0x87,
     0xf, 0x1f, 0x5e, 0x2a, 0x36, 0x32, 0x4e, 0xfa, 0x75, 0x91,
    0x78, 0xd1, 0x92,  0x3, 0x15,  0x5, 0x3d, 0x2d, 0x40,  0x3,
    0x3d, 0x31, 0x2b, 0x26, 0x38,  0x5, 0x29, 0x36, 0x46,  0x5,
    0x3b, 0x35, 0x9a, 0xf1, 0x4f, 0x42, 0x1a, 0x41, 0x9f, 0x56,
     0x0,  0x0,  0x0,  0x2,  0x0, 0x18, 0xff, 0xf8,  0x2, 0x1e,
     0x2, 0xca,  0x0, 0x31,  0x0, 0x45,  0x0,  0x0,  0x1, 0x22,
     0x7,  0x6, 0x14, 0x16, 0x33, 0x37, 0x17,  0x7, 0x26, 0x23,
     0x7, 0x37, 0x3e,  0x1, 0x3d,  0x1, 0x34, 0x26, 0x2b,  0x1,
    0x27, 0x3f,  0x1, 0x17,  0x6,  0x7, 0x17, 0x36, 0x33, 0x32,
    0x16, 0x15, 0x14,  0x6, 0x14, 0x16, 0x33, 0x37, 0x17,  0x7,
    0x26, 0x23,  0x7, 0x37, 0x36, 0x3f,  0x1, 0x34,  0x2, 0x16,
    0x32, 0x36, 0x37, 0x33, 0x17, 0x15,  0xf,  0x1, 0x22, 0x26,
    0x22,  0x6,  0x7, 0x23, 0x27, 0x35, 0x3f,  0x1,  0x1, 0x2f,
    0x22, 0x34,  0xa,  0xd, 0x11, 0x1a,  0x3,  0xb, 0x42, 0x28,
    0x77,  0x8, 0x1d, 0x17, 0x15, 0x1c,  0xd,  0x4,  0x6, 0xba,
     0x8,  0x9,  0x2,  0x4, 0x5f, 0x22, 0x47, 0x50, 0x12,  0xe,
    0x11, 0x1e,  0x2,  0x9, 0x47, 0x26, 0x70,  0x6, 0x2d,  0x1,
     0x3, 0x89, 0x76, 0x18, 0x21, 0x16,  0xb, 0x27, 0x4e, 0x11,
    0x11, 0x76, 0x19, 0x21, 0x15,  0xb, 0x28, 0x4f, 0x10,  0x1,
    0x71, 0x25, 0xb7, 0x42, 0x14,  0x2,  0x5, 0x3f,  0x3,  0x6,
    0x40,  0x3, 0x18, 0x1c, 0xd2, 0x23, 0x19,  0x5, 0x35, 0x21,
     0xa, 0x23, 0x22,  0x4, 0x53, 0x45, 0x3d, 0x12, 0xbf, 0x34,
    0x15,  0x1,  0x4, 0x3e,  0x3,  0x8, 0x3f,  0xb, 0x2d, 0xab,
    0x57,  0x1, 0x42, 0x21, 0x1c, 0x1c, 0x25,  0xa, 0x66,  0x4,
    0x22, 0x1c, 0x1c, 0x24,  0xb, 0x65,  0x4,  0x0,  0x0,  0x0,
     0x0,  0x3,  0x0, 0x19, 0xff, 0xf4,  0x1, 0xde,  0x2, 0xe0,
     0x0,  0x7,  0x0,  0xf,  0x0, 0x18,  0x0,  0x0, 0x24,  0x6,
    0x22, 0x26, 0x34, 0x36, 0x32, 0x16,  0x3, 0x32, 0x35, 0x34,
    0x23, 0x22, 0x15, 0x14,  0x3, 0x27, 0x3f,  0x1, 0x16, 0x17,
     0xf,  0x1, 0x26,  0x1, 0xde, 0x85, 0xcc, 0x74, 0x86, 0xcd,
    0x72, 0xdd, 0x56, 0x63, 0x56, 0x23,  0x1, 0x36,  0xd, 0x56,
    0x52, 0x1e,  0xf, 0x4d, 0x82, 0x8e, 0x7d, 0xdb, 0x8e, 0x7b,
    0xfe, 0xe2, 0x86, 0xbd, 0x86, 0xbd,  0x2, 0x4a,  0xe, 0x46,
     0x1, 0x5a, 0x50, 0x27,  0x4, 0x3a,  0x0,  0x0,  0x0,  0x3,
     0x0, 0x19, 0xff, 0xf4,  0x1, 0xde,  0x2, 0xe1,  0x0,  0x7,
     0x0,  0xf,  0x0, 0x18,  0x0,  0x0, 0x24,  0x6, 0x22, 0x26,
    0x34, 0x36, 0x32, 0x16,  0x3, 0x32, 0x35, 0x34, 0x23, 0x22,
    0x15, 0x14, 0x13,  0x7,  0x6,  0x7, 0x2f,  0x1, 0x36, 0x37,
    0x17,  0x1, 0xde, 0x85, 0xcc, 0x74, 0x86, 0xcd, 0x72, 0xdd,
    0x56, 0x63, 0x56, 0xfc,  0x1, 0x60, 0x5d,  0xf, 0x1e, 0x68,
    0x3f,  0xe, 0x82, 0x8e, 0x7d, 0xdb, 0x8e, 0x7b, 0xfe, 0xe2,
    0x86, 0xbd, 0x86, 0xbd,  0x2, 0x59,  0xe, 0x3c, 0x45,  0x4,
    0x27, 0x68, 0x43,  0x1,  0x0,  0x0,  0x0,  0x3,  0x0, 0x19,
    0xff, 0xf4,  0x1, 0xde,  0x2, 0xda,  0x0,  0x7,  0x0,  0xf,
     0x0, 0x1c,  0x0,  0x0, 0x24,  0x6, 0x22, 0x26, 0x34, 0x36,
    0x32, 0x16,  0x3, 0x32, 0x35, 0x34, 0x23, 0x22, 0x15, 0x14,
     0x3, 0x27, 0x36, 0x37, 0x33, 0x16, 0x17,  0xf,  0x1, 0x26,
    0x27,  0x6,  0x7,  0x1, 0xde, 0x85, 0xcc, 0x74, 0x86, 0xcd,
    0x72, 0xdd, 0x56, 0x63, 0x56, 0x1f, 0x1d, 0x40, 0x58, 0x14,
    0x50, 0x47, 0x1d,  0xf, 0x14, 0x61, 0x47, 0x2e, 0x82, 0x8e,
    0x7d, 0xdb, 0x8e, 0x7b, 0xfe, 0xe2, 0x86, 0xbd, 0x86, 0xbd,
     0x1, 0xd6, 0x29, 0x3c, 0x5e, 0x56, 0x44, 0x29,  0x4, 0x10,
    0x43, 0x2e, 0x25,  0x0,  0x0,  0x0,  0x0,  0x3,  0x0, 0x19,
    0xff, 0xf4,  0x1, 0xde,  0x2, 0xca,  0x0,  0x7,  0x0,  0xf,
     0x0, 0x23,  0x0,  0x0, 0x24,  0x6, 0x22, 0x26, 0x34, 0x36,
    0x32, 0x16,  0x3, 0x32, 0x35, 0x34, 0x23, 0x22, 0x15, 0x14,
    0x12, 0x16, 0x32, 0x36, 0x37, 0x33, 0x17, 0x15,  0xf,  0x1,
    0x22, 0x26, 0x22,  0x6,  0x7, 0x23, 0x27, 0x35, 0x3f,  0x1,
     0x1, 0xde, 0x85, 0xcc, 0x74, 0x86, 0xcd, 0x72, 0xdd, 0x56,
    0x63, 0x56, 0x1f, 0x76, 0x18, 0x21, 0x16,  0xb, 0x27, 0x4e,
    0x11, 0x11, 0x76, 0x19, 0x21, 0x15,  0xb, 0x28, 0x4f, 0x10,
    0x82, 0x8e, 0x7d, 0xdb, 0x8e, 0x7b, 0xfe, 0xe2, 0x86, 0xbd,
    0x86, 0xbd,  0x2, 0x72, 0x21, 0x1c, 0x1c, 0x25,  0xa, 0x66,
     0x4, 0x22, 0x1c, 0x1c, 0x24,  0xb, 0x65,  0x4,  0x0,  0x4,
     0x0, 0x19, 0xff, 0xf4,  0x1, 0xde,  0x2, 0xb3,  0x0,  0x7,
     0x0,  0xf,  0x0, 0x17,  0x0, 0x1f,  0x0,  0x0, 0x24,  0x6,
    0x22, 0x26, 0x34, 0x36, 0x32, 0x16,  0x3, 0x32, 0x35, 0x34,
    0x23, 0x22, 0x15, 0x14, 0x12,  0x6, 0x22, 0x26, 0x34, 0x36,
    0x32, 0x16,  0xe,  0x1, 0x22, 0x26, 0x34, 0x36, 0x32, 0x16,
     0x1, 0xde, 0x85, 0xcc, 0x74, 0x86, 0xcd, 0x72, 0xdd, 0x56,
    0x63, 0x56, 0xfc, 0x25, 0x3b, 0x1f, 0x25, 0x3b, 0x1f, 0xb2,
    0x26, 0x3a, 0x1f, 0x25, 0x3a, 0x20, 0x82, 0x8e, 0x7d, 0xdb,
    0x8e, 0x7b, 0xfe, 0xe2, 0x86, 0xbd, 0x86, 0xbd,  0x2, 0x18,
    0x26, 0x21, 0x39, 0x26, 0x21, 0x3a, 0x25, 0x21, 0x39, 0x26,
    0x22,  0x0,  0x0,  0x3,  0x0, 0x11,  0x0,  0x7,  0x1, 0xe9,
     0x1, 0xfa,  0x0,  0x7,  0x0,  0xf,  0x0, 0x17,  0x0,  0x0,
     0x1, 0x17,  0x7,  0x5, 0x27, 0x37, 0x16, 0x33, 0x12,  0x6,
    0x22, 0x26, 0x34, 0x36, 0x32, 0x16, 0x10,  0x6, 0x22, 0x26,
    0x34, 0x36, 0x32, 0x16,  0x1, 0xe2,  0x7,  0xa, 0xfe, 0x39,
     0x7,  0xe, 0x91, 0x59, 0x37, 0x29, 0x43, 0x23, 0x29, 0x42,
    0x24, 0x29, 0x43, 0x23, 0x29, 0x42, 0x24,  0x1, 0x38,  0xc,
    0x5c,  0x2,  0xb, 0x5a,  0x1, 0xfe, 0xff, 0x2a, 0x26, 0x40,
    0x2a, 0x26,  0x1, 0x23, 0x2a, 0x26, 0x40, 0x2a, 0x26,  0x0,
     0x0,  0x3,  0x0, 0x18, 0xff, 0x8b,  0x1, 0xde,  0x2, 0x3c,
     0x0, 0x13,  0x0, 0x1a,  0x0, 0x21,  0x0,  0x0, 0x37, 0x26,
    0x34, 0x36, 0x33, 0x32, 0x17, 0x37, 0x1f,  0x1,  0x7, 0x16,
    0x14,  0x6, 0x23, 0x22, 0x27,  0x7, 0x2f,  0x1, 0x37, 0x32,
    0x35, 0x34, 0x27,  0x7, 0x16, 0x27, 0x14, 0x17, 0x37, 0x26,
    0x23, 0x22, 0x5f, 0x46, 0x86, 0x6c, 0x25, 0x27, 0x43, 0x3d,
     0x3, 0x41, 0x45, 0x85, 0x6c, 0x28, 0x27, 0x48, 0x3b,  0x3,
    0xe9, 0x56,  0xa, 0x7e, 0x14, 0x45,  0x9, 0x7c, 0x15, 0x1a,
    0x56, 0x27, 0x3e, 0xe7, 0x8e,  0xc, 0x6e, 0x1e,  0xc, 0x6a,
    0x3f, 0xe7, 0x8e,  0xd, 0x76, 0x1d,  0xa, 0x8f, 0x86, 0x3c,
    0x25, 0xd6, 0x11, 0xbd, 0x37, 0x27, 0xd5,  0xf,  0x0,  0x2,
     0x0,  0xf, 0xff, 0xf4,  0x2, 0x26,  0x2, 0xe0,  0x0, 0x27,
     0x0, 0x30,  0x0,  0x0, 0x25, 0x32, 0x37, 0x17,  0xe,  0x1,
     0x7, 0x22, 0x2f,  0x1,  0x6, 0x23, 0x22, 0x26, 0x35, 0x37,
    0x34, 0x23,  0x7, 0x3f,  0x1, 0x17,  0xe,  0x1, 0x14, 0x33,
    0x32, 0x37, 0x35, 0x34, 0x27, 0x26,  0x7, 0x3f,  0x1, 0x17,
     0xe,  0x1, 0x15, 0x14,  0x1, 0x27, 0x3f,  0x1, 0x16, 0x17,
     0xf,  0x1, 0x26,  0x1, 0xe7, 0x16, 0x19, 0x10, 0x12, 0x41,
    0x16, 0x5b,  0xb,  0x8, 0x55, 0x1a, 0x4d, 0x50,  0x7, 0x21,
    0x1a,  0x6, 0xb7,  0xa,  0xb, 0x10, 0x3e, 0x1c, 0x39,  0x8,
     0xc, 0x28,  0x8, 0xbb,  0xa,  0xb, 0x10, 0xfe, 0xbe,  0x1,
    0x36,  0xd, 0x56, 0x52, 0x1e,  0xf, 0x4d, 0x5c, 0x11, 0x15,
    0x1e, 0x41,  0x5, 0x4d,  0x4, 0x50, 0x41, 0x3d, 0xdd, 0x31,
     0x3, 0x3b, 0x21, 0x11, 0x18, 0xa9, 0xaa, 0x25, 0xcc, 0x1d,
     0xa,  0xc,  0x3, 0x3a, 0x1f, 0x11, 0x17, 0xbb, 0x70, 0x29,
     0x2, 0x2f,  0xe, 0x46,  0x1, 0x5a, 0x50, 0x27,  0x4, 0x3a,
     0x0,  0x2,  0x0,  0xf, 0xff, 0xf4,  0x2, 0x26,  0x2, 0xe1,
     0x0, 0x27,  0x0, 0x30,  0x0,  0x0, 0x25, 0x32, 0x37, 0x17,
     0xe,  0x1,  0x7, 0x22, 0x2f,  0x1,  0x6, 0x23, 0x22, 0x26,
    0x35, 0x37, 0x34, 0x23,  0x7, 0x3f,  0x1, 0x17,  0xe,  0x1,
    0x14, 0x33, 0x32, 0x37, 0x35, 0x34, 0x27, 0x26,  0x7, 0x3f,
     0x1, 0x17,  0xe,  0x1, 0x15, 0x14,  0x3,  0x7,  0x6,  0x7,
    0x2f,  0x1, 0x36, 0x37, 0x17,  0x1, 0xe7, 0x16, 0x19, 0x10,
    0x12, 0x41, 0x16, 0x5b,  0xb,  0x8, 0x55, 0x1a, 0x4d, 0x50,
     0x7, 0x21, 0x1a,  0x6, 0xb7,  0xa,  0xb, 0x10, 0x3e, 0x1c,
    0x39,  0x8,  0xc, 0x28,  0x8, 0xbb,  0xa,  0xb, 0x10, 0x24,
     0x1, 0x60, 0x5d,  0xf, 0x1e, 0x68, 0x3f,  0xe, 0x5c, 0x11,
    0x15, 0x1e, 0x41,  0x5, 0x4d,  0x4, 0x50, 0x41, 0x3d, 0xdd,
    0x31,  0x3, 0x3b, 0x21, 0x11, 0x18, 0xa9, 0xaa, 0x25, 0xcc,
    0x1d,  0xa,  0xc,  0x3, 0x3a, 0x1f, 0x11, 0x17, 0xbb, 0x70,
    0x29,  0x2, 0x3e,  0xe, 0x3c, 0x45,  0x4, 0x27, 0x68, 0x43,
     0x1,  0x0,  0x0,  0x2,  0x0,  0xf, 0xff, 0xf4,  0x2, 0x26,
     0x2, 0xda,  0x0, 0x27,  0x0, 0x34,  0x0,  0x0, 0x25, 0x32,
    0x37, 0x17,  0xe,  0x1,  0x7, 0x22, 0x2f,  0x1,  0x6, 0x23,
    0x22, 0x26, 0x35, 0x37, 0x34, 0x23,  0x7, 0x3f,  0x1, 0x17,
     0xe,  0x1, 0x14, 0x33, 0x32, 0x37, 0x35, 0x34, 0x27, 0x26,
     0x7, 0x3f,  0x1, 0x17,  0xe,  0x1, 0x15, 0x14,  0x1, 0x27,
    0x36, 0x37, 0x33, 0x16, 0x17,  0xf,  0x1, 0x26, 0x27,  0x6,
     0x7,  0x1, 0xe7, 0x16, 0x19, 0x10, 0x12, 0x41, 0x16, 0x5b,
     0xb,  0x8, 0x55, 0x1a, 0x4d, 0x50,  0x7, 0x21, 0x1a,  0x6,
    0xb7,  0xa,  0xb, 0x10, 0x3e, 0x1c, 0x39,  0x8,  0xc, 0x28,
     0x8, 0xbb,  0xa,  0xb, 0x10, 0xfe, 0xc1, 0x1d, 0x40, 0x58,
    0x14, 0x50, 0x47, 0x1d,  0xf, 0x14, 0x61, 0x47, 0x2e, 0x5c,
    0x11, 0x15, 0x1e, 0x41,  0x5, 0x4d,  0x4, 0x50, 0x41, 0x3d,
    0xdd, 0x31,  0x3, 0x3b, 0x21, 0x11, 0x18, 0xa9, 0xaa, 0x25,
    0xcc, 0x1d,  0xa,  0xc,  0x3, 0x3a, 0x1f, 0x11, 0x17, 0xbb,
    0x70, 0x29,  0x1, 0xbb, 0x29, 0x3c, 0x5e, 0x56, 0x44, 0x29,
     0x4, 0x10, 0x43, 0x2e, 0x25,  0x0,  0x0,  0x3,  0x0,  0xf,
    0xff, 0xf4,  0x2, 0x26,  0x2, 0xb3,  0x0, 0x27,  0x0, 0x2f,
     0x0, 0x37,  0x0,  0x0, 0x25, 0x32, 0x37, 0x17,  0xe,  0x1,
     0x7, 0x22, 0x2f,  0x1,  0x6, 0x23, 0x22, 0x26, 0x35, 0x37,
    0x34, 0x23,  0x7, 0x3f,  0x1, 0x17,  0xe,  0x1, 0x14, 0x33,
    0x32, 0x37, 0x35, 0x34, 0x27, 0x26,  0x7, 0x3f,  0x1, 0x17,
     0xe,  0x1, 0x15, 0x14,  0x2,  0x6, 0x22, 0x26, 0x34, 0x36,
    0x32, 0x16,  0xe,  0x1, 0x22, 0x26, 0x34, 0x36, 0x32, 0x16,
     0x1, 0xe7, 0x16, 0x19, 0x10, 0x12, 0x41, 0x16, 0x5b,  0xb,
     0x8, 0x55, 0x1a, 0x4d, 0x50,  0x7, 0x21, 0x1a,  0x6, 0xb7,
     0xa,  0xb, 0x10, 0x3e, 0x1c, 0x39,  0x8,  0xc, 0x28,  0x8,
    0xbb,  0xa,  0xb, 0x10, 0x24, 0x25, 0x3b, 0x1f, 0x25, 0x3b,
    0x1f, 0xb2, 0x26, 0x3a, 0x1f, 0x25, 0x3a, 0x20, 0x5c, 0x11,
    0x15, 0x1e, 0x41,  0x5, 0x4d,  0x4, 0x50, 0x41, 0x3d, 0xdd,
    0x31,  0x3, 0x3b, 0x21, 0x11, 0x18, 0xa9, 0xaa, 0x25, 0xcc,
    0x1d,  0xa,  0xc,  0x3, 0x3a, 0x1f, 0x11, 0x17, 0xbb, 0x70,
    0x29,  0x1, 0xfd, 0x26, 0x21, 0x39, 0x26, 0x21, 0x3a, 0x25,
    0x21, 0x39, 0x26, 0x22,  0x0,  0x2, 0xff, 0xe9, 0xff,  0xf,
     0x1, 0xe1,  0x2, 0xe1,  0x0, 0x2b,  0x0, 0x34,  0x0,  0x0,
    0x37, 0x36, 0x34, 0x26, 0x2b,  0x1, 0x27, 0x37, 0x16, 0x3b,
     0x1,  0x7,  0xe,  0x1,  0x7,  0x3,  0xe,  0x1, 0x23, 0x22,
    0x23, 0x22, 0x26, 0x35, 0x37, 0x36, 0x37,  0x2, 0x27, 0x26,
    0x2f,  0x1, 0x37, 0x33, 0x32, 0x36, 0x35, 0x17,  0x7,  0xe,
     0x1, 0x15, 0x14, 0x17, 0x13,  0x7,  0x6,  0x7, 0x2f,  0x1,
    0x36, 0x37, 0x17, 0xf8, 0x5a,  0xc, 0x11, 0x20,  0x3,  0x8,
    0x3d, 0x2d, 0x5d,  0x8, 0x16, 0x14,  0x9, 0x80, 0x40, 0x6e,
    0x41,  0x1,  0x1,  0xe, 0x3e,  0x8, 0x84, 0x45, 0x5c, 0x2e,
    0x15, 0x27,  0x2,  0x7, 0x4e, 0x3b, 0x5e,  0x2,  0x9, 0x1c,
    0x14, 0x44, 0xa4,  0x1, 0x60, 0x5d,  0xf, 0x1e, 0x68, 0x3f,
     0xe, 0x84, 0xe8, 0x1d,  0x9,  0x5, 0x3a,  0x3, 0x3d,  0x5,
    0x13, 0x19, 0xfe, 0xcb, 0x9a, 0x82, 0x41, 0x10,  0xd,  0xb,
    0x7f,  0x1,  0x3, 0x6b, 0x2a,  0x1,  0x5, 0x39,  0x6,  0x1,
     0x5, 0x3b,  0x1,  0xb,  0xd, 0x1c, 0xdc,  0x2, 0x16,  0xe,
    0x3c, 0x45,  0x4, 0x27, 0x68, 0x43,  0x1,  0x0,  0x0,  0x2,
     0x0,  0x0, 0xff, 0x14,  0x1, 0xe9,  0x2, 0xe6,  0x0, 0x29,
     0x0, 0x31,  0x0,  0x0,  0x5, 0x27, 0x22,  0x6, 0x15, 0x37,
    0x3e,  0x1, 0x3f,  0x1, 0x11, 0x34, 0x26, 0x23,  0x7, 0x26,
    0x35, 0x3f,  0x1, 0x17,  0x6,  0x3, 0x36, 0x37, 0x36, 0x17,
    0x1e,  0x1, 0x14,  0x6, 0x23, 0x22, 0x27, 0x15,  0x7, 0x14,
    0x16, 0x17, 0x16, 0x33, 0x37, 0x17,  0x3, 0x16, 0x32, 0x36,
    0x34, 0x26, 0x22,  0x7,  0x1,  0x2, 0x6e, 0x20, 0x70,  0x9,
    0x22, 0x10,  0x1,  0x4, 0x12, 0x18, 0x19,  0x1,  0x4, 0xce,
     0x7, 0x12,  0x8, 0x4c, 0x18, 0x14,  0x9, 0x4f, 0x5a, 0x8e,
    0x6e, 0x1f, 0x15,  0x1,  0xb,  0x4,  0x8,  0xf, 0x2c,  0x3,
    0x53, 0x21, 0x57, 0x35, 0x35, 0x52, 0x24, 0xe8,  0x2,  0x5,
     0x1, 0x3e,  0x4, 0x1c, 0x2d, 0xac,  0x2,  0xa, 0x20, 0x18,
     0x2,  0x4,  0x9, 0x2e, 0x20, 0x13, 0x17, 0xfe, 0xda, 0x37,
     0x7,  0x3,  0x2,  0x7, 0x74, 0xd1, 0x93,  0x3, 0x1d, 0x36,
    0x29, 0x16,  0x5,  0xa,  0x2,  0x4,  0x1,  0x2,  0xf, 0x49,
    0x8d, 0x58, 0x21,  0x0,  0x0,  0x3, 0xff, 0xe9, 0xff,  0xf,
     0x1, 0xe1,  0x2, 0xb3,  0x0, 0x2b,  0x0, 0x33,  0x0, 0x3b,
     0x0,  0x0, 0x37, 0x36, 0x34, 0x26, 0x2b,  0x1, 0x27, 0x37,
    0x16, 0x3b,  0x1,  0x7,  0xe,  0x1,  0x7,  0x3,  0xe,  0x1,
    0x23, 0x22, 0x23, 0x22, 0x26, 0x35, 0x37, 0x36, 0x37,  0x2,
    0x27, 0x26, 0x2f,  0x1, 0x37, 0x33, 0x32, 0x36, 0x35, 0x17,
     0x7,  0xe,  0x1, 0x15, 0x14, 0x17, 0x12,  0x6, 0x22, 0x26,
    0x34, 0x36, 0x32, 0x16,  0xe,  0x1, 0x22, 0x26, 0x34, 0x36,
    0x32, 0x16, 0xf8, 0x5a,  0xc, 0x11, 0x20,  0x3,  0x8, 0x3d,
    0x2d, 0x5d,  0x8, 0x16, 0x14,  0x9, 0x80, 0x40, 0x6e, 0x41,
     0x1,  0x1,  0xe, 0x3e,  0x8, 0x84, 0x45, 0x5c, 0x2e, 0x15,
    0x27,  0x2,  0x7, 0x4e, 0x3b, 0x5e,  0x2,  0x9, 0x1c, 0x14,
    0x44, 0xa4, 0x25, 0x3b, 0x1f, 0x25, 0x3b, 0x1f, 0xb2, 0x25,
    0x3b, 0x1f, 0x25, 0x3a, 0x20, 0x84, 0xe8, 0x1d,  0x9,  0x5,
    0x3a,  0x3, 0x3d,  0x5, 0x13, 0x19, 0xfe, 0xcb, 0x9a, 0x82,
    0x41, 0x10,  0xd,  0xb, 0x7f,  0x1,  0x3, 0x6b, 0x2a,  0x1,
     0x5, 0x39,  0x6,  0x1,  0x5, 0x3b,  0x1,  0xb,  0xd, 0x1c,
    0xdc,  0x1, 0xd5, 0x26, 0x21, 0x39, 0x26, 0x21, 0x3a, 0x25,
    0x21, 0x39, 0x26, 0x22,  0x0,  0x1,  0x0, 0x19, 0xff, 0xf5,
     0x1,  0xe,  0x1, 0xda,  0x0, 0x16,  0x0,  0x0, 0x37, 0x35,
    0x34, 0x26, 0x23,  0x7, 0x37, 0x36, 0x37, 0x17,  0x6, 0x11,
    0x14, 0x33, 0x37, 0x17,  0x7, 0x26, 0x23, 0x22,  0x7, 0x37,
    0x36, 0x5b, 0x13, 0x18, 0x17,  0x6, 0x45, 0x7b,  0x9, 0x18,
    0x1f, 0x1d,  0x2,  0xa, 0x45, 0x20, 0x2f, 0x56,  0x8, 0x39,
    0x73, 0xd6, 0x1f, 0x19,  0x3, 0x3b,  0x8, 0x19, 0x11, 0x32,
    0xfe, 0xd3, 0x2c,  0x2,  0x4, 0x3f,  0x3,  0xb, 0x40,  0xa,
     0x0,  0x2,  0x0, 0x1d, 0xff, 0xf5,  0x3, 0x85,  0x2, 0x8e,
     0x0, 0x2c,  0x0, 0x36,  0x0,  0x0, 0x25, 0x32, 0x36, 0x3f,
     0x1, 0x17,  0x6,  0xf,  0x1, 0x26, 0x22,  0x6, 0x23, 0x22,
    0x26, 0x10, 0x36, 0x33, 0x32, 0x16, 0x33, 0x32, 0x37, 0x17,
     0x6,  0xf,  0x1, 0x36, 0x35, 0x34, 0x26, 0x22,  0x6,  0xf,
     0x1, 0x17, 0x37, 0x17,  0x7, 0x26, 0x23,  0xf,  0x1, 0x14,
    0x16, 0x24, 0x16, 0x32, 0x36, 0x3f,  0x1, 0x34, 0x26, 0x22,
     0x6,  0x2, 0x8d, 0x5d, 0x35,  0xa, 0x55,  0x7, 0x12,  0x9,
     0xa, 0xbf, 0xab, 0x9f, 0x1d, 0x84, 0x99, 0xaf, 0x93, 0x1f,
    0x92, 0x2e, 0xb8, 0x80,  0x8, 0x12,  0x5, 0x5b,  0x2, 0x2c,
    0x77, 0x10,  0x1,  0x7, 0x5d, 0x74,  0x8,  0xe, 0x50, 0x32,
    0x4d,  0x2, 0x15, 0xfe, 0x54, 0x50, 0x8e, 0x3b,  0x1,  0x1,
    0x3b, 0x91, 0x4f, 0x4f, 0x27, 0x4b,  0x7,  0xa, 0x5a, 0x60,
     0xb,  0x9,  0xd, 0xa9,  0x1, 0x30, 0xbb,  0xd, 0x12,  0xb,
    0x59, 0x5d,  0x6, 0x1a,  0xe, 0x29, 0x16,  0xa, 0x17, 0x9b,
     0x1,  0x8,  0x9, 0x56,  0x3,  0x6, 0x8c, 0x28, 0x14, 0x85,
    0x8b, 0x3c, 0x45, 0xfc, 0x3d, 0x2e, 0x71,  0x0,  0x0,  0x3,
     0x0, 0x19, 0xff, 0xf4,  0x2, 0xe4,  0x1, 0xda,  0x0, 0x22,
     0x0, 0x2a,  0x0, 0x32,  0x0,  0x0, 0x25, 0x32, 0x36, 0x37,
    0x1f,  0x1,  0xe,  0x1, 0x22, 0x26, 0x27,  0xe,  0x1, 0x23,
    0x22, 0x26, 0x34, 0x36, 0x33, 0x32, 0x16, 0x17, 0x3e,  0x1,
    0x33, 0x32, 0x16, 0x15, 0x14,  0xf,  0x1, 0x21, 0x15, 0x1e,
     0x1,  0x5, 0x32, 0x35, 0x34, 0x23, 0x22, 0x15, 0x14,  0x1,
    0x22,  0x7, 0x37, 0x3e,  0x1, 0x35, 0x34,  0x2, 0x4c, 0x1c,
    0x3c, 0x20,  0x8, 0x10, 0x29, 0x63, 0x55, 0x5c, 0x13, 0x13,
    0x5d, 0x32, 0x5e, 0x73, 0x84, 0x6b, 0x31, 0x55,  0xf, 0x15,
    0x5c, 0x2d, 0x56, 0x53,  0x9,  0xc, 0xff,  0x0,  0x5, 0x41,
    0xfe, 0xe9, 0x53, 0x60, 0x53,  0x1, 0x8b, 0x51,  0x9, 0x86,
     0xb,  0x8, 0x56,  0xf,  0xf,  0x3, 0x33, 0x1e, 0x2c, 0x2f,
    0x1d, 0x1a, 0x32, 0x7d, 0xdb, 0x8e, 0x32, 0x1a, 0x1b, 0x31,
    0x58, 0x4e, 0x22, 0x1d,  0xb,  0xa, 0x42, 0x48, 0x15, 0x86,
    0xbd, 0x86, 0xbd,  0x1, 0x49, 0x69,  0x8,  0x1,  0x9,  0xd,
    0x4a,  0x0,  0x0,  0x0,  0x0,  0x1,  0x0, 0x25,  0x2, 0x13,
     0x1, 0x68,  0x2, 0xda,  0x0,  0xc,  0x0,  0x0, 0x13, 0x27,
    0x36, 0x37, 0x33, 0x16, 0x17,  0xf,  0x1, 0x26, 0x27,  0x6,
     0x7, 0x42, 0x1d, 0x40, 0x58, 0x14, 0x50, 0x47, 0x1d,  0xf,
    0x14, 0x61, 0x47, 0x2e,  0x2, 0x17, 0x29, 0x3c, 0x5e, 0x56,
    0x44, 0x29,  0x4, 0x10, 0x43, 0x2e, 0x25,  0x0,  0x0,  0x0,
     0x0,  0x2,  0x0, 0x6a,  0x2, 0x1f,  0x1, 0x23,  0x2, 0xd9,
     0x0,  0x7,  0x0,  0xf,  0x0,  0x0, 0x13, 0x32, 0x35, 0x34,
    0x22, 0x15, 0x14, 0x16, 0x36,  0x6, 0x22, 0x26, 0x34, 0x36,
    0x32, 0x16, 0xc9, 0x28, 0x55, 0x1c, 0x6b, 0x34, 0x57, 0x2e,
    0x35, 0x58, 0x2c,  0x2, 0x54, 0x25, 0x29, 0x23, 0x16, 0x15,
     0x6, 0x3b, 0x32, 0x52, 0x36, 0x32,  0x0,  0x1,  0x0, 0x13,
     0x2, 0x1b,  0x1, 0x7b,  0x2, 0xca,  0x0, 0x13,  0x0,  0x0,
    0x12, 0x16, 0x32, 0x36, 0x37, 0x33, 0x17, 0x15,  0xf,  0x1,
    0x22, 0x26, 0x22,  0x6,  0x7, 0x23, 0x27, 0x35, 0x3f,  0x1,
    0x84, 0x76, 0x18, 0x21, 0x16,  0xb, 0x27, 0x4e, 0x11, 0x11,
    0x76, 0x19, 0x21, 0x15,  0xb, 0x28, 0x4f, 0x10,  0x2, 0xb3,
    0x21, 0x1c, 0x1c, 0x25,  0xa, 0x66,  0x4, 0x22, 0x1c, 0x1c,
    0x24,  0xb, 0x65,  0x4,  0x0,  0x1, 0xff, 0xf7,  0x0, 0xd4,
     0x1, 0xcf,  0x1, 0x31,  0x0,  0x7,  0x0,  0x0, 0x25,  0x5,
    0x27, 0x37, 0x33, 0x32, 0x35, 0x17,  0x1, 0xc4, 0xfe, 0x3c,
     0x9,  0xb, 0xf1, 0xd4,  0x8, 0xd5,  0x1,  0xd, 0x4c,  0x4,
     0xf,  0x0,  0x0,  0x0,  0x0,  0x1, 0xff, 0xf7,  0x0, 0xd4,
     0x3, 0x75,  0x1, 0x31,  0x0,  0x7,  0x0,  0x0, 0x25,  0x5,
    0x27, 0x37, 0x21, 0x20, 0x37, 0x17,  0x3, 0x6a, 0xfc, 0x96,
     0x9,  0xb,  0x1, 0xb7,  0x1, 0x88, 0x2c,  0x8, 0xd5,  0x1,
     0xd, 0x4c,  0x4,  0xf,  0x0,  0x1,  0x0, 0x1c,  0x1, 0x83,
     0x0, 0xd4,  0x2, 0x8e,  0x0,  0xc,  0x0,  0x0, 0x13,  0x6,
    0x22, 0x26, 0x34, 0x36, 0x37, 0x17, 0x15,  0xe,  0x1, 0x14,
    0x17, 0xb0, 0x2c, 0x41, 0x27, 0x53, 0x40, 0x25, 0x1e, 0x26,
    0x22,  0x1, 0xa6, 0x23, 0x2e, 0x59, 0x60, 0x24, 0x1e, 0x11,
    0x14, 0x39, 0x41, 0x1d,  0x0,  0x0,  0x0,  0x1,  0x0,  0x6,
     0x1, 0x83,  0x0, 0xbe,  0x2, 0x8e,  0x0,  0xd,  0x0,  0x0,
    0x13, 0x36, 0x32, 0x16, 0x14,  0x6,  0x7, 0x27, 0x35, 0x3e,
     0x1, 0x35, 0x34, 0x27, 0x2a, 0x2d, 0x40, 0x27, 0x53, 0x40,
    0x25, 0x1e, 0x26, 0x23,  0x2, 0x6b, 0x23, 0x2f, 0x59, 0x60,
    0x23, 0x1e, 0x11, 0x14, 0x38, 0x1a, 0x29, 0x1c,  0x0,  0x1,
     0x0,  0x4, 0xff, 0x74,  0x0, 0xc2,  0x0, 0x8e,  0x0,  0xc,
     0x0,  0x0, 0x37, 0x36, 0x32, 0x16, 0x14,  0x6,  0x7, 0x27,
    0x35, 0x3e,  0x1, 0x34, 0x27, 0x30, 0x2d, 0x40, 0x25, 0x58,
    0x41, 0x25, 0x20, 0x28, 0x1f, 0x6c, 0x22, 0x30, 0x5d, 0x68,
    0x25, 0x1e, 0x11, 0x16, 0x3e, 0x46, 0x21,  0x0,  0x0,  0x0,
     0x0,  0x2,  0x0, 0x1c,  0x1, 0x83,  0x1, 0x8c,  0x2, 0x8e,
     0x0,  0xc,  0x0, 0x19,  0x0,  0x0,  0x1,  0x6, 0x22, 0x26,
    0x34, 0x36, 0x37, 0x17, 0x15,  0xe,  0x1, 0x14, 0x17,  0x7,
     0x6, 0x22, 0x26, 0x34, 0x36, 0x37, 0x17, 0x15,  0xe,  0x1,
    0x14, 0x17,  0x1, 0x68, 0x2c, 0x41, 0x27, 0x53, 0x40, 0x25,
    0x1e, 0x26, 0x22, 0xba, 0x2c, 0x41, 0x27, 0x53, 0x40, 0x25,
    0x1e, 0x26, 0x22,  0x1, 0xa6, 0x23, 0x2e, 0x59, 0x60, 0x24,
    0x1e, 0x11, 0x14, 0x39, 0x41, 0x1d,  0xe, 0x23, 0x2e, 0x59,
    0x60, 0x24, 0x1e, 0x11, 0x14, 0x39, 0x41, 0x1d,  0x0,  0x2,
     0x0,  0x6,  0x1, 0x83,  0x1, 0x76,  0x2, 0x8e,  0x0,  0xd,
     0x0, 0x1b,  0x0,  0x0, 0x13, 0x36, 0x32, 0x16, 0x14,  0x6,
     0x7, 0x27, 0x35, 0x3e,  0x1, 0x35, 0x34, 0x2f,  0x1, 0x36,
    0x32, 0x16, 0x14,  0x6,  0x7, 0x27, 0x35, 0x3e,  0x1, 0x35,
    0x34, 0x27, 0xe2, 0x2d, 0x40, 0x27, 0x53, 0x40, 0x25, 0x1e,
    0x26, 0x23, 0xb5, 0x2d, 0x40, 0x27, 0x53, 0x40, 0x25, 0x1e,
    0x26, 0x23,  0x2, 0x6b, 0x23, 0x2f, 0x59, 0x60, 0x23, 0x1e,
    0x11, 0x14, 0x38, 0x1a, 0x29, 0x1c,  0xe, 0x23, 0x2f, 0x59,
    0x60, 0x23, 0x1e, 0x11, 0x14, 0x38, 0x1a, 0x29, 0x1c,  0x0,
     0x0,  0x2,  0x0,  0xc, 0xff, 0x83,  0x1, 0x79,  0x0, 0x8e,
     0x0,  0xd,  0x0, 0x1b,  0x0,  0x0, 0x37, 0x36, 0x32, 0x16,
    0x14,  0x6,  0x7, 0x27, 0x35, 0x3e,  0x1, 0x35, 0x34, 0x27,
    0x37, 0x36, 0x32, 0x16, 0x14,  0x6,  0x7, 0x27, 0x35, 0x3e,
     0x1, 0x35, 0x34, 0x27, 0x30, 0x2d, 0x40, 0x27, 0x53, 0x40,
    0x25, 0x1e, 0x26, 0x22, 0xb7, 0x2d, 0x40, 0x27, 0x53, 0x40,
    0x25, 0x1e, 0x26, 0x22, 0x6c, 0x22, 0x2e, 0x59, 0x60, 0x24,
    0x1e, 0x11, 0x14, 0x39, 0x1a, 0x28, 0x1d,  0xe, 0x22, 0x2e,
    0x59, 0x60, 0x24, 0x1e, 0x11, 0x14, 0x39, 0x1a, 0x28, 0x1d,
     0x0,  0x0,  0x0,  0x1,  0x0, 0x32,  0x0, 0x71,  0x1, 0x22,
     0x1, 0x63,  0x0,  0x7,  0x0,  0x0, 0x36, 0x22, 0x26, 0x34,
    0x36, 0x32, 0x16, 0x14, 0xde, 0x6e, 0x3e, 0x44, 0x6d, 0x3f,
    0x71, 0x40, 0x6c, 0x46, 0x41, 0x6b,  0x0,  0x0,  0x0,  0x1,
     0x0,  0xf,  0x0, 0x2c,  0x0, 0xe1,  0x1, 0x9b,  0x0,  0xc,
     0x0,  0x0, 0x37, 0x14, 0x17,  0xf,  0x1, 0x26, 0x27, 0x35,
    0x36, 0x37, 0x1f,  0x1,  0x6, 0x88, 0x59,  0x4, 0x29, 0x40,
    0x65, 0x5c, 0x49, 0x29,  0x4,  0xe, 0xe5,  0x3, 0x8d, 0x10,
    0x19, 0x48, 0x63, 0x15, 0x5c, 0x53, 0x19, 0x10, 0x15,  0x0,
     0x0,  0x1,  0x0, 0x29,  0x0, 0x2c,  0x0, 0xfa,  0x1, 0x9b,
     0x0,  0xc,  0x0,  0x0, 0x37, 0x2f,  0x1, 0x36, 0x37, 0x26,
    0x27, 0x3f,  0x1, 0x16, 0x17, 0x15,  0x6, 0x56, 0x29,  0x4,
    0x24, 0x34, 0x42, 0x16,  0x4, 0x29, 0x40, 0x64, 0x5c, 0x2c,
    0x19, 0x10, 0x38, 0x55, 0x6c, 0x23, 0x10, 0x1a, 0x48, 0x64,
    0x14, 0x5c,  0x0,  0x1, 0xff, 0x33, 0xff, 0xa3,  0x1, 0x4d,
     0x2, 0xa6,  0x0,  0x9,  0x0,  0x0,  0x1, 0x17,  0x2,  0x7,
     0x3, 0x2f,  0x1, 0x36, 0x37,  0x1,  0x1, 0x46,  0x7, 0xb0,
    0x5a, 0xca, 0x41,  0x5, 0x79, 0x56,  0x1,  0x6,  0x2, 0x8d,
    0x13, 0xfe, 0xf5, 0x8c, 0xfe, 0xc0, 0x1b,  0xe, 0xb4, 0x88,
     0x1, 0x9e,  0x0,  0x0,  0x0,  0x2,  0x0,  0x9,  0x1, 0x4c,
     0x1, 0x3a,  0x2, 0xd8,  0x0,  0xf,  0x0, 0x13,  0x0,  0x0,
     0x1, 0x33, 0x17,  0x7, 0x27, 0x17,  0xf,  0x1, 0x27, 0x36,
    0x37, 0x27, 0x3f,  0x2, 0x17,  0x7, 0x35, 0x23,  0x7,  0x1,
     0x1, 0x32,  0x7,  0x7, 0x31,  0x4,  0x7, 0x5a,  0x5,  0x3,
     0x1, 0x9b,  0x2, 0xaa,  0x5, 0x47, 0x5d,  0x7, 0x47,  0x1,
    0xf4,  0x9, 0x3e,  0x2, 0x55,  0x7,  0x7,  0x7, 0x31, 0x2d,
     0x3, 0x34, 0xef,  0x1,  0x7, 0xdd, 0x68, 0x68,  0x0,  0x0,
     0x0,  0x1,  0x0,  0x5, 0xff, 0xf7,  0x2, 0x15,  0x1, 0xfd,
     0x0, 0x32,  0x0,  0x0, 0x25, 0x32, 0x36, 0x3f,  0x1,  0x6,
     0xf,  0x1,  0x6, 0x22, 0x26, 0x27, 0x23, 0x27, 0x37, 0x33,
    0x35, 0x34, 0x37, 0x23, 0x27, 0x37, 0x33, 0x3e,  0x1, 0x33,
    0x32, 0x1f,  0x1,  0x6,  0xf,  0x1, 0x36, 0x35, 0x34, 0x23,
    0x22,  0x7, 0x37, 0x17,  0xf,  0x1, 0x15, 0x14, 0x17, 0x33,
    0x37, 0x17,  0xf,  0x1, 0x16,  0x1, 0x5a, 0x2c, 0x30,  0xa,
    0x54,  0xe,  0x3,  0x8, 0x4f, 0xc6, 0x7b, 0x13, 0x4c,  0x7,
     0x7, 0x44,  0x2, 0x46,  0x7,  0x7, 0x52, 0x1a, 0x91, 0x68,
    0x43, 0x5b,  0x6, 0x11,  0x6, 0x53,  0x1, 0x58, 0x63, 0x16,
    0x97,  0x7,  0x4, 0xa1,  0x2,  0x4, 0x98,  0x7,  0x4, 0x94,
    0x1f, 0x44, 0x32, 0x38,  0x6, 0x52, 0x43,  0x9, 0x1f, 0x5b,
    0x53,  0x7, 0x2f, 0x12,  0xe, 0x1c,  0x7, 0x2f, 0x53, 0x5d,
    0x13,  0xb, 0x41, 0x54,  0x5, 0x14, 0x15, 0x40, 0x61,  0x4,
     0x9, 0x30,  0x1,  0xf, 0x11, 0x1c,  0x4,  0x9, 0x30,  0x1,
    0x61,  0x0,  0x0,  0x0,  0x0, 0x1c,  0x1, 0x56,  0x0,  0x1,
     0x0,  0x0,  0x0,  0x0,  0x0,  0x0,  0x0, 0x7b,  0x0, 0xf8,
     0x0,  0x1,  0x0,  0x0,  0x0,  0x0,  0x0,  0x1,  0x0,  0x8,
     0x1, 0x86,  0x0,  0x1,  0x0,  0x0,  0x0,  0x0,  0x0,  0x2,
     0x0,  0x4,  0x1, 0x99,  0x0,  0x1,  0x0,  0x0,  0x0,  0x0,
     0x0,  0x3,  0x0, 0x11,  0x1, 0xc2,  0x0,  0x1,  0x0,  0x0,
     0x0,  0x0,  0x0,  0x4,  0x0,  0xd,  0x1, 0xf0,  0x0,  0x1,
     0x0,  0x0,  0x0,  0x0,  0x0,  0x5,  0x0,  0xd,  0x2, 0x1a,
     0x0,  0x1,  0x0,  0x0,  0x0,  0x0,  0x0,  0x6,  0x0,  0xd,
     0x2, 0x44,  0x0,  0x1,  0x0,  0x0,  0x0,  0x0,  0x0,  0x7,
     0x0, 0x2f,  0x2, 0xb2,  0x0,  0x1,  0x0,  0x0,  0x0,  0x0,
     0x0,  0x8,  0x0, 0x14,  0x3,  0xc,  0x0,  0x1,  0x0,  0x0,
     0x0,  0x0,  0x0,  0x9,  0x0, 0x14,  0x3, 0x4b,  0x0,  0x1,
     0x0,  0x0,  0x0,  0x0,  0x0,  0xb,  0x0, 0x1c,  0x3, 0x9a,
     0x0,  0x1,  0x0,  0x0,  0x0,  0x0,  0x0,  0xc,  0x0, 0x1c,
     0x3, 0xf1,  0x0,  0x1,  0x0,  0x0,  0x0,  0x0,  0x0,  0xd,
     0x0, 0x90,  0x5, 0x30,  0x0,  0x1,  0x0,  0x0,  0x0,  0x0,
     0x0,  0xe,  0x0, 0x1a,  0x5, 0xf7,  0x0,  0x3,  0x0,  0x1,
     0x4,  0x9,  0x0,  0x0,  0x0, 0xf6,  0x0,  0x0,  0x0,  0x3,
     0x0,  0x1,  0x4,  0x9,  0x0,  0x1,  0x0, 0x10,  0x1, 0x74,
     0x0,  0x3,  0x0,  0x1,  0x4,  0x9,  0x0,  0x2,  0x0,  0x8,
     0x1, 0x8f,  0x0,  0x3,  0x0,  0x1,  0x4,  0x9,  0x0,  0x3,
     0x0, 0x22,  0x1, 0x9e,  0x0,  0x3,  0x0,  0x1,  0x4,  0x9,
     0x0,  0x4,  0x0, 0x1a,  0x1, 0xd4,  0x0,  0x3,  0x0,  0x1,
     0x4,  0x9,  0x0,  0x5,  0x0, 0x1a,  0x1, 0xfe,  0x0,  0x3,
     0x0,  0x1,  0x4,  0x9,  0x0,  0x6,  0x0, 0x1a,  0x2, 0x28,
     0x0,  0x3,  0x0,  0x1,  0x4,  0x9,  0x0,  0x7,  0x0, 0x5e,
     0x2, 0x52,  0x0,  0x3,  0x0,  0x1,  0x4,  0x9,  0x0,  0x8,
     0x0, 0x28,  0x2, 0xe2,  0x0,  0x3,  0x0,  0x1,  0x4,  0x9,
     0x0,  0x9,  0x0, 0x28,  0x3, 0x21,  0x0,  0x3,  0x0,  0x1,
     0x4,  0x9,  0x0,  0xb,  0x0, 0x38,  0x3, 0x60,  0x0,  0x3,
     0x0,  0x1,  0x4,  0x9,  0x0,  0xc,  0x0, 0x38,  0x3, 0xb7,
     0x0,  0x3,  0x0,  0x1,  0x4,  0x9,  0x0,  0xd,  0x1, 0x20,
     0x4,  0xe,  0x0,  0x3,  0x0,  0x1,  0x4,  0x9,  0x0,  0xe,
     0x0, 0x34,  0x5, 0xc1,  0x0, 0x43,  0x0, 0x6f,  0x0, 0x70,
     0x0, 0x79,  0x0, 0x72,  0x0, 0x69,  0x0, 0x67,  0x0, 0x68,
     0x0, 0x74,  0x0, 0x20,  0x0, 0x28,  0x0, 0x63,  0x0, 0x29,
     0x0, 0x20,  0x0, 0x32,  0x0, 0x30,  0x0, 0x31,  0x0, 0x31,
     0x0, 0x2c,  0x0, 0x20,  0x0, 0x4a,  0x0, 0x75,  0x0, 0x61,
     0x0, 0x6e,  0x0, 0x20,  0x0, 0x50,  0x0, 0x61,  0x0, 0x62,
     0x0, 0x6c,  0x0, 0x6f,  0x0, 0x20,  0x0, 0x64,  0x0, 0x65,
     0x0, 0x6c,  0x0, 0x20,  0x0, 0x50,  0x0, 0x65,  0x0, 0x72,
     0x0, 0x61,  0x0, 0x6c,  0x0, 0x20,  0x0, 0x28,  0x0, 0x6a,
     0x0, 0x75,  0x0, 0x61,  0x0, 0x6e,  0x0, 0x40,  0x0, 0x68,
     0x0, 0x75,  0x0, 0x65,  0x0, 0x72,  0x0, 0x74,  0x0, 0x61,
     0x0, 0x74,  0x0, 0x69,  0x0, 0x70,  0x0, 0x6f,  0x0, 0x67,
     0x0, 0x72,  0x0, 0x61,  0x0, 0x66,  0x0, 0x69,  0x0, 0x63,
     0x0, 0x61,  0x0, 0x2e,  0x0, 0x63,  0x0, 0x6f,  0x0, 0x6d,
     0x0, 0x2e,  0x0, 0x61,  0x0, 0x72,  0x0, 0x29,  0x0, 0x2c,
     0x0, 0x20,  0x0, 0x77,  0x0, 0x69,  0x0, 0x74,  0x0, 0x68,
     0x0, 0x20,  0x0, 0x52,  0x0, 0x65,  0x0, 0x73,  0x0, 0x65,
     0x0, 0x72,  0x0, 0x76,  0x0, 0x65,  0x0, 0x64,  0x0, 0x20,
     0x0, 0x46,  0x0, 0x6f,  0x0, 0x6e,  0x0, 0x74,  0x0, 0x20,
     0x0, 0x4e,  0x0, 0x61,  0x0, 0x6d,  0x0, 0x65,  0x0, 0x73,
     0x0, 0x20,  0x0, 0x22,  0x0, 0x41,  0x0, 0x6c,  0x0, 0x65,
     0x0, 0x67,  0x0, 0x72,  0x0, 0x65,  0x0, 0x79,  0x0, 0x61,
     0x0, 0x22,  0x0, 0x20,  0x0, 0x22,  0x0, 0x41,  0x0, 0x6c,
     0x0, 0x65,  0x0, 0x67,  0x0, 0x72,  0x0, 0x65,  0x0, 0x79,
     0x0, 0x61,  0x0, 0x20,  0x0, 0x53,  0x0, 0x43,  0x0, 0x22,
     0x0,  0x0, 0x43, 0x6f, 0x70, 0x79, 0x72, 0x69, 0x67, 0x68,
    0x74, 0x20, 0x28, 0x63, 0x29, 0x20, 0x32, 0x30, 0x31, 0x31,
    0x2c, 0x20, 0x4a, 0x75, 0x61, 0x6e, 0x20, 0x50, 0x61, 0x62,
    0x6c, 0x6f, 0x20, 0x64, 0x65, 0x6c, 0x20, 0x50, 0x65, 0x72,
    0x61, 0x6c, 0x20, 0x28, 0x6a, 0x75, 0x61, 0x6e, 0x40, 0x68,
    0x75, 0x65, 0x72, 0x74, 0x61, 0x74, 0x69, 0x70, 0x6f, 0x67,
    0x72, 0x61, 0x66, 0x69, 0x63, 0x61, 0x2e, 0x63, 0x6f, 0x6d,
    0x2e, 0x61, 0x72, 0x29, 0x2c, 0x20, 0x77, 0x69, 0x74, 0x68,
    0x20, 0x52, 0x65, 0x73, 0x65, 0x72, 0x76, 0x65, 0x64, 0x20,
    0x46, 0x6f, 0x6e, 0x74, 0x20, 0x4e, 0x61, 0x6d, 0x65, 0x73,
    0x20, 0x22, 0x41, 0x6c, 0x65, 0x67, 0x72, 0x65, 0x79, 0x61,
    0x22, 0x20, 0x22, 0x41, 0x6c, 0x65, 0x67, 0x72, 0x65, 0x79,
    0x61, 0x20, 0x53, 0x43, 0x22,  0x0,  0x0, 0x41,  0x0, 0x6c,
     0x0, 0x65,  0x0, 0x67,  0x0, 0x72,  0x0, 0x65,  0x0, 0x79,
     0x0, 0x61,  0x0,  0x0, 0x41, 0x6c, 0x65, 0x67, 0x72, 0x65,
    0x79, 0x61,  0x0,  0x0, 0x42,  0x0, 0x6f,  0x0, 0x6c,  0x0,
    0x64,  0x0,  0x0, 0x42, 0x6f, 0x6c, 0x64,  0x0,  0x0, 0x46,
     0x0, 0x4f,  0x0, 0x4e,  0x0, 0x54,  0x0, 0x4c,  0x0, 0x41,
     0x0, 0x42,  0x0, 0x3a,  0x0, 0x4f,  0x0, 0x54,  0x0, 0x46,
     0x0, 0x45,  0x0, 0x58,  0x0, 0x50,  0x0, 0x4f,  0x0, 0x52,
     0x0, 0x54,  0x0,  0x0, 0x46, 0x4f, 0x4e, 0x54, 0x4c, 0x41,
    0x42, 0x3a, 0x4f, 0x54, 0x46, 0x45, 0x58, 0x50, 0x4f, 0x52,
    0x54,  0x0,  0x0, 0x41,  0x0, 0x6c,  0x0, 0x65,  0x0, 0x67,
     0x0, 0x72,  0x0, 0x65,  0x0, 0x79,  0x0, 0x61,  0x0, 0x20,
     0x0, 0x42,  0x0, 0x6f,  0x0, 0x6c,  0x0, 0x64,  0x0,  0x0,
    0x41, 0x6c, 0x65, 0x67, 0x72, 0x65, 0x79, 0x61, 0x20, 0x42,
    0x6f, 0x6c, 0x64,  0x0,  0x0, 0x56,  0x0, 0x65,  0x0, 0x72,
     0x0, 0x73,  0x0, 0x69,  0x0, 0x6f,  0x0, 0x6e,  0x0, 0x20,
     0x0, 0x31,  0x0, 0x2e,  0x0, 0x30,  0x0, 0x30,  0x0, 0x33,
     0x0,  0x0, 0x56, 0x65, 0x72, 0x73, 0x69, 0x6f, 0x6e, 0x20,
    0x31, 0x2e, 0x30, 0x30, 0x33,  0x0,  0x0, 0x41,  0x0, 0x6c,
     0x0, 0x65,  0x0, 0x67,  0x0, 0x72,  0x0, 0x65,  0x0, 0x79,
     0x0, 0x61,  0x0, 0x2d,  0x0, 0x42,  0x0, 0x6f,  0x0, 0x6c,
     0x0, 0x64,  0x0,  0x0, 0x41, 0x6c, 0x65, 0x67, 0x72, 0x65,
    0x79, 0x61, 0x2d, 0x42, 0x6f, 0x6c, 0x64,  0x0,  0x0, 0x41,
     0x0, 0x6c,  0x0, 0x65,  0x0, 0x67,  0x0, 0x72,  0x0, 0x65,
     0x0, 0x79,  0x0, 0x61,  0x0, 0x20,  0x0, 0x69,  0x0, 0x73,
     0x0, 0x20,  0x0, 0x61,  0x0, 0x20,  0x0, 0x74,  0x0, 0x72,
     0x0, 0x61,  0x0, 0x64,  0x0, 0x65,  0x0, 0x6d,  0x0, 0x61,
     0x0, 0x72,  0x0, 0x6b,  0x0, 0x20,  0x0, 0x6f,  0x0, 0x66,
     0x0, 0x20,  0x0, 0x4a,  0x0, 0x75,  0x0, 0x61,  0x0, 0x6e,
     0x0, 0x20,  0x0, 0x50,  0x0, 0x61,  0x0, 0x62,  0x0, 0x6c,
     0x0, 0x6f,  0x0, 0x20,  0x0, 0x64,  0x0, 0x65,  0x0, 0x6c,
     0x0, 0x20,  0x0, 0x50,  0x0, 0x65,  0x0, 0x72,  0x0, 0x61,
     0x0, 0x6c,  0x0,  0x0, 0x41, 0x6c, 0x65, 0x67, 0x72, 0x65,
    0x79, 0x61, 0x20, 0x69, 0x73, 0x20, 0x61, 0x20, 0x74, 0x72,
    0x61, 0x64, 0x65, 0x6d, 0x61, 0x72, 0x6b, 0x20, 0x6f, 0x66,
    0x20, 0x4a, 0x75, 0x61, 0x6e, 0x20, 0x50, 0x61, 0x62, 0x6c,
    0x6f, 0x20, 0x64, 0x65, 0x6c, 0x20, 0x50, 0x65, 0x72, 0x61,
    0x6c,  0x0,  0x0, 0x4a,  0x0, 0x75,  0x0, 0x61,  0x0, 0x6e,
     0x0, 0x20,  0x0, 0x50,  0x0, 0x61,  0x0, 0x62,  0x0, 0x6c,
     0x0, 0x6f,  0x0, 0x20,  0x0, 0x64,  0x0, 0x65,  0x0, 0x6c,
     0x0, 0x20,  0x0, 0x50,  0x0, 0x65,  0x0, 0x72,  0x0, 0x61,
     0x0, 0x6c,  0x0,  0x0, 0x4a, 0x75, 0x61, 0x6e, 0x20, 0x50,
    0x61, 0x62, 0x6c, 0x6f, 0x20, 0x64, 0x65, 0x6c, 0x20, 0x50,
    0x65, 0x72, 0x61, 0x6c,  0x0,  0x0, 0x4a,  0x0, 0x75,  0x0,
    0x61,  0x0, 0x6e,  0x0, 0x20,  0x0, 0x50,  0x0, 0x61,  0x0,
    0x62,  0x0, 0x6c,  0x0, 0x6f,  0x0, 0x20,  0x0, 0x64,  0x0,
    0x65,  0x0, 0x6c,  0x0, 0x20,  0x0, 0x50,  0x0, 0x65,  0x0,
    0x72,  0x0, 0x61,  0x0, 0x6c,  0x0,  0x0, 0x4a, 0x75, 0x61,
    0x6e, 0x20, 0x50, 0x61, 0x62, 0x6c, 0x6f, 0x20, 0x64, 0x65,
    0x6c, 0x20, 0x50, 0x65, 0x72, 0x61, 0x6c,  0x0,  0x0, 0x77,
     0x0, 0x77,  0x0, 0x77,  0x0, 0x2e,  0x0, 0x68,  0x0, 0x75,
     0x0, 0x65,  0x0, 0x72,  0x0, 0x74,  0x0, 0x61,  0x0, 0x74,
     0x0, 0x69,  0x0, 0x70,  0x0, 0x6f,  0x0, 0x67,  0x0, 0x72,
     0x0, 0x61,  0x0, 0x66,  0x0, 0x69,  0x0, 0x63,  0x0, 0x61,
     0x0, 0x2e,  0x0, 0x63,  0x0, 0x6f,  0x0, 0x6d,  0x0, 0x2e,
     0x0, 0x61,  0x0, 0x72,  0x0,  0x0, 0x77, 0x77, 0x77, 0x2e,
    0x68, 0x75, 0x65, 0x72, 0x74, 0x61, 0x74, 0x69, 0x70, 0x6f,
    0x67, 0x72, 0x61, 0x66, 0x69, 0x63, 0x61, 0x2e, 0x63, 0x6f,
    0x6d, 0x2e, 0x61, 0x72,  0x0,  0x0, 0x77,  0x0, 0x77,  0x0,
    0x77,  0x0, 0x2e,  0x0, 0x68,  0x0, 0x75,  0x0, 0x65,  0x0,
    0x72,  0x0, 0x74,  0x0, 0x61,  0x0, 0x74,  0x0, 0x69,  0x0,
    0x70,  0x0, 0x6f,  0x0, 0x67,  0x0, 0x72,  0x0, 0x61,  0x0,
    0x66,  0x0, 0x69,  0x0, 0x63,  0x0, 0x61,  0x0, 0x2e,  0x0,
    0x63,  0x0, 0x6f,  0x0, 0x6d,  0x0, 0x2e,  0x0, 0x61,  0x0,
    0x72,  0x0,  0x0, 0x77, 0x77, 0x77, 0x2e, 0x68, 0x75, 0x65,
    0x72, 0x74, 0x61, 0x74, 0x69, 0x70, 0x6f, 0x67, 0x72, 0x61,
    0x66, 0x69, 0x63, 0x61, 0x2e, 0x63, 0x6f, 0x6d, 0x2e, 0x61,
    0x72,  0x0,  0x0, 0x54,  0x0, 0x68,  0x0, 0x69,  0x0, 0x73,
     0x0, 0x20,  0x0, 0x46,  0x0, 0x6f,  0x0, 0x6e,  0x0, 0x74,
     0x0, 0x20,  0x0, 0x53,  0x0, 0x6f,  0x0, 0x66,  0x0, 0x74,
     0x0, 0x77,  0x0, 0x61,  0x0, 0x72,  0x0, 0x65,  0x0, 0x20,
     0x0, 0x69,  0x0, 0x73,  0x0, 0x20,  0x0, 0x6c,  0x0, 0x69,
     0x0, 0x63,  0x0, 0x65,  0x0, 0x6e,  0x0, 0x73,  0x0, 0x65,
     0x0, 0x64,  0x0, 0x20,  0x0, 0x75,  0x0, 0x6e,  0x0, 0x64,
     0x0, 0x65,  0x0, 0x72,  0x0, 0x20,  0x0, 0x74,  0x0, 0x68,
     0x0, 0x65,  0x0, 0x20,  0x0, 0x53,  0x0, 0x49,  0x0, 0x4c,
     0x0, 0x20,  0x0, 0x4f,  0x0, 0x70,  0x0, 0x65,  0x0, 0x6e,
     0x0, 0x20,  0x0, 0x46,  0x0, 0x6f,  0x0, 0x6e,  0x0, 0x74,
     0x0, 0x20,  0x0, 0x4c,  0x0, 0x69,  0x0, 0x63,  0x0, 0x65,
     0x0, 0x6e,  0x0, 0x73,  0x0, 0x65,  0x0, 0x2c,  0x0, 0x20,
     0x0, 0x56,  0x0, 0x65,  0x0, 0x72,  0x0, 0x73,  0x0, 0x69,
     0x0, 0x6f,  0x0, 0x6e,  0x0, 0x20,  0x0, 0x31,  0x0, 0x2e,
     0x0, 0x31,  0x0, 0x2e,  0x0, 0x20,  0x0, 0x54,  0x0, 0x68,
     0x0, 0x69,  0x0, 0x73,  0x0, 0x20,  0x0, 0x6c,  0x0, 0x69,
     0x0, 0x63,  0x0, 0x65,  0x0, 0x6e,  0x0, 0x73,  0x0, 0x65,
     0x0, 0x20,  0x0, 0x69,  0x0, 0x73,  0x0, 0x20,  0x0, 0x61,
     0x0, 0x76,  0x0, 0x61,  0x0, 0x69,  0x0, 0x6c,  0x0, 0x61,
     0x0, 0x62,  0x0, 0x6c,  0x0, 0x65,  0x0, 0x20,  0x0, 0x77,
     0x0, 0x69,  0x0, 0x74,  0x0, 0x68,  0x0, 0x20,  0x0, 0x61,
     0x0, 0x20,  0x0, 0x46,  0x0, 0x41,  0x0, 0x51,  0x0, 0x20,
     0x0, 0x61,  0x0, 0x74,  0x0, 0x3a,  0x0, 0x20,  0x0, 0x68,
     0x0, 0x74,  0x0, 0x74,  0x0, 0x70,  0x0, 0x3a,  0x0, 0x2f,
     0x0, 0x2f,  0x0, 0x73,  0x0, 0x63,  0x0, 0x72,  0x0, 0x69,
     0x0, 0x70,  0x0, 0x74,  0x0, 0x73,  0x0, 0x2e,  0x0, 0x73,
     0x0, 0x69,  0x0, 0x6c,  0x0, 0x2e,  0x0, 0x6f,  0x0, 0x72,
     0x0, 0x67,  0x0, 0x2f,  0x0, 0x4f,  0x0, 0x46,  0x0, 0x4c,
     0x0,  0x0, 0x54, 0x68, 0x69, 0x73, 0x20, 0x46, 0x6f, 0x6e,
    0x74, 0x20, 0x53, 0x6f, 0x66, 0x74, 0x77, 0x61, 0x72, 0x65,
    0x20, 0x69, 0x73, 0x20, 0x6c, 0x69, 0x63, 0x65, 0x6e, 0x73,
    0x65, 0x64, 0x20, 0x75, 0x6e, 0x64, 0x65, 0x72, 0x20, 0x74,
    0x68, 0x65, 0x20, 0x53, 0x49, 0x4c, 0x20, 0x4f, 0x70, 0x65,
    0x6e, 0x20, 0x46, 0x6f, 0x6e, 0x74, 0x20, 0x4c, 0x69, 0x63,
    0x65, 0x6e, 0x73, 0x65, 0x2c, 0x20, 0x56, 0x65, 0x72, 0x73,
    0x69, 0x6f, 0x6e, 0x20, 0x31, 0x2e, 0x31, 0x2e, 0x20, 0x54,
    0x68, 0x69, 0x73, 0x20, 0x6c, 0x69, 0x63, 0x65, 0x6e, 0x73,
    0x65, 0x20, 0x69, 0x73, 0x20, 0x61, 0x76, 0x61, 0x69, 0x6c,
    0x61, 0x62, 0x6c, 0x65, 0x20, 0x77, 0x69, 0x74, 0x68, 0x20,
    0x61, 0x20, 0x46, 0x41, 0x51, 0x20, 0x61, 0x74, 0x3a, 0x20,
    0x68, 0x74, 0x74, 0x70, 0x3a, 0x2f, 0x2f, 0x73, 0x63, 0x72,
    0x69, 0x70, 0x74, 0x73, 0x2e, 0x73, 0x69, 0x6c, 0x2e, 0x6f,
    0x72, 0x67, 0x2f, 0x4f, 0x46, 0x4c,  0x0,  0x0, 0x68,  0x0,
    0x74,  0x0, 0x74,  0x0, 0x70,  0x0, 0x3a,  0x0, 0x2f,  0x0,
    0x2f,  0x0, 0x73,  0x0, 0x63,  0x0, 0x72,  0x0, 0x69,  0x0,
    0x70,  0x0, 0x74,  0x0, 0x73,  0x0, 0x2e,  0x0, 0x73,  0x0,
    0x69,  0x0, 0x6c,  0x0, 0x2e,  0x0, 0x6f,  0x0, 0x72,  0x0,
    0x67,  0x0, 0x2f,  0x0, 0x4f,  0x0, 0x46,  0x0, 0x4c,  0x0,
     0x0, 0x68, 0x74, 0x74, 0x70, 0x3a, 0x2f, 0x2f, 0x73, 0x63,
    0x72, 0x69, 0x70, 0x74, 0x73, 0x2e, 0x73, 0x69, 0x6c, 0x2e,
    0x6f, 0x72, 0x67, 0x2f, 0x4f, 0x46, 0x4c,  0x0,  0x0,  0x2,
     0x0,  0x0,  0x0,  0x0,  0x0,  0x0, 0xff, 0xa9,  0x0, 0x38,
     0x0,  0x0,  0x0,  0x0,  0x0,  0x0,  0x0,  0x0,  0x0,  0x0,
     0x0,  0x0,  0x0,  0x0,  0x0,  0x0,  0x0,  0x0,  0x0,  0x0,
     0x0, 0xd4,  0x0,  0x0,  0x0,  0x1,  0x0,  0x2,  0x0,  0x3,
     0x0,  0x4,  0x0,  0x5,  0x0,  0x6,  0x0,  0x7,  0x0,  0x8,
     0x0,  0x9,  0x0,  0xa,  0x0,  0xb,  0x0,  0xc,  0x0,  0xd,
     0x0,  0xe,  0x0,  0xf,  0x0, 0x10,  0x0, 0x11,  0x0, 0x12,
     0x0, 0x13,  0x0, 0x14,  0x0, 0x15,  0x0, 0x16,  0x0, 0x17,
     0x0, 0x18,  0x0, 0x19,  0x0, 0x1a,  0x0, 0x1b,  0x0, 0x1c,
     0x0, 0x1d,  0x0, 0x1e,  0x0, 0x1f,  0x0, 0x20,  0x0, 0x21,
     0x0, 0x22,  0x0, 0x23,  0x0, 0x24,  0x0, 0x25,  0x0, 0x26,
     0x0, 0x27,  0x0, 0x28,  0x0, 0x29,  0x0, 0x2a,  0x0, 0x2b,
     0x0, 0x2c,  0x0, 0x2d,  0x0, 0x2e,  0x0, 0x2f,  0x0, 0x30,
     0x0, 0x31,  0x0, 0x32,  0x0, 0x33,  0x0, 0x34,  0x0, 0x35,
     0x0, 0x36,  0x0, 0x37,  0x0, 0x38,  0x0, 0x39,  0x0, 0x3a,
     0x0, 0x3b,  0x0, 0x3c,  0x0, 0x3d,  0x0, 0x3e,  0x0, 0x3f,
     0x0, 0x40,  0x0, 0x41,  0x0, 0x42,  0x0, 0x43,  0x0, 0x44,
     0x0, 0x45,  0x0, 0x46,  0x0, 0x47,  0x0, 0x48,  0x0, 0x49,
     0x0, 0x4a,  0x0, 0x4b,  0x0, 0x4c,  0x0, 0x4d,  0x0, 0x4e,
     0x0, 0x4f,  0x0, 0x50,  0x0, 0x51,  0x0, 0x52,  0x0, 0x53,
     0x0, 0x54,  0x0, 0x55,  0x0, 0x56,  0x0, 0x57,  0x0, 0x58,
     0x0, 0x59,  0x0, 0x5a,  0x0, 0x5b,  0x0, 0x5c,  0x0, 0x5d,
     0x0, 0x5e,  0x0, 0x5f,  0x0, 0x60,  0x0, 0x61,  0x1,  0x2,
     0x0, 0xa3,  0x0, 0x84,  0x0, 0x85,  0x0, 0xbd,  0x0, 0x96,
     0x0, 0xe8,  0x0, 0x86,  0x0, 0x8e,  0x0, 0x8b,  0x0, 0x9d,
     0x0, 0xa9,  0x0, 0xa4,  0x0, 0x8a,  0x0, 0xda,  0x0, 0x83,
     0x0, 0x93,  0x1,  0x3,  0x1,  0x4,  0x0, 0x8d,  0x0, 0x88,
     0x0, 0xc3,  0x0, 0xde,  0x1,  0x5,  0x0, 0x9e,  0x0, 0xaa,
     0x0, 0xf5,  0x0, 0xf4,  0x0, 0xf6,  0x0, 0xa2,  0x0, 0xad,
     0x0, 0xc9,  0x0, 0xc7,  0x0, 0xae,  0x0, 0x62,  0x0, 0x63,
     0x0, 0x90,  0x0, 0x64,  0x0, 0xcb,  0x0, 0x65,  0x0, 0xc8,
     0x0, 0xca,  0x0, 0xcf,  0x0, 0xcc,  0x0, 0xcd,  0x0, 0xce,
     0x0, 0xe9,  0x0, 0x66,  0x0, 0xd3,  0x0, 0xd0,  0x0, 0xd1,
     0x0, 0xaf,  0x0, 0x67,  0x0, 0xf0,  0x0, 0x91,  0x0, 0xd6,
     0x0, 0xd4,  0x0, 0xd5,  0x0, 0x68,  0x0, 0xeb,  0x0, 0xed,
     0x0, 0x89,  0x0, 0x6a,  0x0, 0x69,  0x0, 0x6b,  0x0, 0x6d,
     0x0, 0x6c,  0x0, 0x6e,  0x0, 0xa0,  0x0, 0x6f,  0x0, 0x71,
     0x0, 0x70,  0x0, 0x72,  0x0, 0x73,  0x0, 0x75,  0x0, 0x74,
     0x0, 0x76,  0x0, 0x77,  0x0, 0xea,  0x0, 0x78,  0x0, 0x7a,
     0x0, 0x79,  0x0, 0x7b,  0x0, 0x7d,  0x0, 0x7c,  0x0, 0xb8,
     0x0, 0xa1,  0x0, 0x7f,  0x0, 0x7e,  0x0, 0x80,  0x0, 0x81,
     0x0, 0xec,  0x0, 0xee,  0x0, 0xba,  0x0, 0xd7,  0x0, 0xb0,
     0x0, 0xb1,  0x0, 0xd8,  0x0, 0xdd,  0x0, 0xd9,  0x0, 0xb2,
     0x0, 0xb3,  0x0, 0xb6,  0x0, 0xb7,  0x0, 0xc4,  0x0, 0xb4,
     0x0, 0xb5,  0x0, 0xc5,  0x0, 0x87,  0x0, 0xbe,  0x0, 0xbf,
     0x0, 0xbc,  0x1,  0x6,  0x1,  0x7,  0x7, 0x6e, 0x62, 0x73,
    0x70, 0x61, 0x63, 0x65,  0x8, 0x74, 0x77, 0x6f, 0x2e, 0x73,
    0x75, 0x70, 0x73,  0xa, 0x74, 0x68, 0x72, 0x65, 0x65, 0x2e,
    0x73, 0x75, 0x70, 0x73,  0x8, 0x6f, 0x6e, 0x65, 0x2e, 0x73,
    0x75, 0x70, 0x73,  0x9, 0x66, 0x6f, 0x75, 0x72, 0x2e, 0x73,
    0x75, 0x70, 0x73,  0x4, 0x45, 0x75, 0x72, 0x6f,  0x0,  0x0,
     0x0,  0x1,  0x0,  0x1, 0xff, 0xff,  0x0,  0xf,  0x0,  0x0,
     0x0,  0x1,  0x0,  0x0,  0x0,  0x0, 0xc9, 0x89, 0x6f, 0x31,
     0x0,  0x0,  0x0,  0x0, 0xcb, 0x2a, 0x60, 0x61,  0x0,  0x0,
     0x0,  0x0, 0xcb, 0x2a, 0x66,  0x6
};
